district_name,state,flood_risk_level,flood_risk_score,corrected_percent_flooded_area,percent_flooded_area,permanent_water_percent,total_flood_events,total_flood_duration_days,avg_flood_duration_days,max_flood_duration_days,total_human_fatalities,avg_human_fatalities_per_event,max_human_fatalities_single_event,total_human_injured,total_human_displaced,total_animal_fatalities,monsoon_flood_events,heavy_rain_flood_events,recent_flood_events_2010_2023,has_historical_flood_record,has_detailed_rainfall_data,actual_rainfall_sw_monsoon_mm,normal_rainfall_sw_monsoon_mm,sw_monsoon_departure_percent,actual_rainfall_ne_monsoon_mm,normal_rainfall_ne_monsoon_mm,ne_monsoon_departure_percent,actual_rainfall_winter_mm,normal_rainfall_winter_mm,actual_rainfall_hot_weather_mm,normal_rainfall_hot_weather_mm,total_actual_rainfall_mm,total_normal_rainfall_mm,annual_rainfall_departure_percent,monsoon_intensity_ratio
Adilabad,Andhra Pradesh,High,42.47,0.988714607,1.209758847,0.22104424,25.0,210.0,8.4,38.0,1038.0,41.52,262.0,3.0,0.0,24255.0,24.0,14.0,9.0,1,0,,,,,,,,,,,,,,
Agar Malwa,Madhya Pradesh,Moderate,31.61,0.197996456,0.53688887,0.338892414,11.0,70.0,6.363636363636363,14.0,164.0,14.909090909090908,90.0,0.0,0.0,2000.0,9.0,5.0,1.0,1,0,,,,,,,,,,,,,,
Agra,Uttar Pradesh,High,55.44,4.031426704,4.133356464,0.10192976,39.0,782.0,20.05128205128205,365.0,4267.0,109.41025641025641,1025.0,120.0,0.0,4920.0,36.0,21.0,11.0,1,0,,,,,,,,,,,,,,
Ahmadabad,Gujarat,High,54.94,4.09983488,4.222292965,0.122458085,53.0,620.0,11.69811320754717,122.0,1868.0,35.24528301886792,288.0,68.0,2.0,29831.0,51.0,36.0,15.0,1,0,,,,,,,,,,,,,,
Ahmadnagar,Maharashtra,High,41.34,0.006268605,0.691347983,0.697616588,43.0,163.0,3.7906976744186047,21.0,504.0,11.720930232558139,149.0,53.0,0.0,3621.0,36.0,39.0,18.0,1,0,,,,,,,,,,,,,,
Aizawl,Mizoram,High,35.83,2.065788746,2.162077627,0.096288881,19.0,37.0,1.9473684210526316,17.0,205.0,10.789473684210526,106.0,42.0,11.0,0.0,12.0,12.0,7.0,1,0,,,,,,,,,,,,,,
Ajmer,Rajasthan,High,43.12,0.203556192,0.260510002,0.05695381,41.0,177.0,4.317073170731708,30.0,1195.0,29.146341463414632,581.0,73.0,0.0,200130.0,40.0,31.0,8.0,1,0,,,,,,,,,,,,,,
Akola,Maharashtra,High,46.59,0.605435381,0.880057177,0.274621796,68.0,265.0,3.8970588235294117,31.0,855.0,12.573529411764707,149.0,54.0,0.0,2734.0,56.0,55.0,29.0,1,0,,,,,,,,,,,,,,
Alappuzha,Kerala,Very High,71.79,12.40641849,21.06652893,8.660110439,113.0,600.0,5.3097345132743365,34.0,1338.0,11.84070796460177,339.0,534.0,9.0,847210.0,94.0,101.0,50.0,1,0,,,,,,,,,,,,,,
Aligarh,Uttar Pradesh,High,50.13,1.926834991,1.93292949,0.006094499,30.0,724.0,24.133333333333333,365.0,3420.0,114.0,1025.0,45.0,0.0,4572.0,28.0,16.0,4.0,1,0,,,,,,,,,,,,,,
Alipurduar,Unknown,Low,6.84,4.039321623,4.056971682,0.017650059,0.0,0.0,0.0,0.0,0.0,0.0,0.0,0.0,0.0,0.0,0.0,0.0,0.0,0,0,,,,,,,,,,,,,,
Alirajpur,Madhya Pradesh,Moderate,32.69,0.133752635,0.872416618,0.738663983,14.0,73.0,5.214285714285714,14.0,170.0,12.142857142857142,90.0,0.0,0.0,2004.0,13.0,9.0,4.0,1,0,,,,,,,,,,,,,,
Almora,Uttarakhand,High,38.7,0.648573243,0.649027255,0.000454012,20.0,102.0,5.1,31.0,864.0,43.2,382.0,17.0,6.0,736.0,17.0,15.0,5.0,1,0,,,,,,,,,,,,,,
Alwar,Rajasthan,High,44.83,0.342475289,0.348076896,0.005601607,38.0,530.0,13.947368421052632,365.0,623.0,16.394736842105264,90.0,53.0,0.0,890.0,37.0,28.0,5.0,1,0,,,,,,,,,,,,,,
Ambala,Haryana,High,45.9,4.251029067,4.251029067,0.0,33.0,166.0,5.03030303030303,30.0,206.0,6.242424242424242,64.0,31.0,0.0,567.0,31.0,24.0,2.0,1,0,,,,,,,,,,,,,,
Ambedkar Nagar,Uttar Pradesh,High,52.85,3.462697948,3.80490503,0.342207082,32.0,692.0,21.625,365.0,3308.0,103.375,1025.0,0.0,0.0,3950.0,28.0,18.0,10.0,1,0,,,,,,,,,,,,,,
Amethi,Uttar Pradesh,High,52.03,2.870234132,2.870234132,0.0,33.0,698.0,21.151515151515152,365.0,3365.0,101.96969696969697,1025.0,54.0,0.0,4032.0,28.0,20.0,12.0,1,0,,,,,,,,,,,,,,
Amravati,Maharashtra,High,49.43,0.680336027,1.132570579,0.452234552,80.0,361.0,4.5125,31.0,1715.0,21.4375,500.0,139.0,1.0,7913.0,72.0,66.0,28.0,1,0,,,,,,,,,,,,,,
Amreli,Gujarat,High,47.49,0.09592198,0.551647653,0.455725673,39.0,712.0,18.256410256410255,122.0,2292.0,58.76923076923077,594.0,95.0,2.0,134730.0,37.0,26.0,17.0,1,0,,,,,,,,,,,,,,
Amritsar,Punjab,High,49.38,2.558209055,2.592469047,0.034259992,49.0,328.0,6.6938775510204085,38.0,1085.0,22.142857142857142,320.0,33.0,0.0,7117.0,42.0,33.0,10.0,1,0,,,,,,,,,,,,,,
Amroha,Uttar Pradesh,High,53.08,3.74795481,3.77465624,0.02670143,29.0,704.0,24.275862068965516,365.0,3605.0,124.3103448275862,1025.0,22.0,0.0,3940.0,28.0,14.0,5.0,1,0,,,,,,,,,,,,,,
Anand,Gujarat,High,49.46,5.403718781,5.640448142,0.236729361,16.0,350.0,21.875,122.0,1111.0,69.4375,288.0,36.0,0.0,17656.0,15.0,9.0,6.0,1,0,,,,,,,,,,,,,,
Anantapur,Andhra Pradesh,High,39.84,0.482623643,0.698641838,0.216018195,18.0,169.0,9.38888888888889,31.0,1200.0,66.66666666666667,338.0,4.0,1.0,65586.0,18.0,11.0,4.0,1,0,,,,,,,,,,,,,,
Anantnag,Jammu and Kashmir,High,42.1,0.30280149,0.462302357,0.159500867,36.0,146.0,4.055555555555555,22.0,1123.0,31.194444444444443,350.0,107.0,40.0,13685.0,28.0,24.0,14.0,1,0,,,,,,,,,,,,,,
Anjaw,Arunachal Pradesh,High,38.35,1.347748917,1.599292296,0.251543379,21.0,96.0,4.571428571428571,17.0,334.0,15.904761904761905,268.0,31.0,3.0,16.0,14.0,15.0,8.0,1,0,,,,,,,,,,,,,,
Anugul,Odisha,High,45.36,0.272277764,1.964959616,1.692681852,25.0,688.0,27.52,365.0,1847.0,73.88,1025.0,0.0,0.0,56011.0,21.0,7.0,6.0,1,0,,,,,,,,,,,,,,
Anuppur,Madhya Pradesh,Moderate,32.33,0.52747384,0.69532992,0.16785608,10.0,89.0,8.9,14.0,158.0,15.8,90.0,0.0,0.0,2000.0,10.0,5.0,2.0,1,0,,,,,,,,,,,,,,
Araria,Bihar,Very High,60.75,6.399493143,6.399493143,0.0,43.0,986.0,22.930232558139537,365.0,4951.0,115.13953488372093,1025.0,0.0,0.0,755.0,40.0,16.0,10.0,1,0,,,,,,,,,,,,,,
Aravalli,Gujarat,High,41.24,0.683258715,1.017301706,0.334042991,15.0,360.0,24.0,122.0,1099.0,73.26666666666667,288.0,36.0,0.0,17656.0,14.0,8.0,6.0,1,0,,,,,,,,,,,,,,
Ariyalur,Tamil Nadu,High,39.54,2.363517119,2.450977499,0.08746038,14.0,96.0,6.857142857142857,16.0,697.0,49.785714285714285,177.0,156.0,0.0,4018.0,14.0,11.0,6.0,1,1,549.4,392.0,40.15,491.7,545.5,-9.86,25.8,32.5,52.2,101.8,1119.1,1071.8,4.41,0.9303
Arwal,Bihar,Very High,84.92,21.67630991,22.2718737,0.595563792,33.0,902.0,27.333333333333332,365.0,4169.0,126.33333333333333,1025.0,0.0,0.0,755.0,31.0,10.0,4.0,1,0,,,,,,,,,,,,,,
Ashoknagar,Madhya Pradesh,Moderate,32.95,0.219773318,1.106305566,0.886532248,13.0,80.0,6.153846153846154,14.0,191.0,14.692307692307692,90.0,10.0,0.0,2000.0,13.0,7.0,5.0,1,0,,,,,,,,,,,,,,
Auraiya,Uttar Pradesh,High,57.99,6.662660657,6.808487542,0.145826885,29.0,698.0,24.06896551724138,365.0,3592.0,123.86206896551724,1025.0,15.0,0.0,3961.0,25.0,15.0,7.0,1,0,,,,,,,,,,,,,,
Aurangabad,Maharashtra,High,56.34,1.281443928,1.7501334069999999,0.48206176500000003,91.0,1171.0,12.868131868131869,365.0,6316.0,69.4065934065934,1025.0,168.0,0.0,27710.0,81.0,55.0,24.0,1,0,,,,,,,,,,,,,,
Azamgarh,Uttar Pradesh,Very High,61.59,6.011964431,6.067454778,0.055490347,52.0,1045.0,20.096153846153847,365.0,6631.0,127.51923076923077,1313.0,52.0,0.0,10599.0,48.0,21.0,11.0,1,0,,,,,,,,,,,,,,
Badgam,Unknown,Low,6.45,3.806150556,3.988476641,0.182326085,0.0,0.0,0.0,0.0,0.0,0.0,0.0,0.0,0.0,0.0,0.0,0.0,0.0,0,0,,,,,,,,,,,,,,
Bagalkote,Karnataka,High,41.59,0.002398667,1.462562203,1.460163536,23.0,293.0,12.73913043478261,31.0,1227.0,53.34782608695652,308.0,53.0,0.0,9189.0,16.0,18.0,9.0,1,0,,,,,,,,,,,,,,
Bageshwar,Uttarakhand,Moderate,30.06,0.570769802,0.57268385,0.001914048,12.0,22.0,1.8333333333333333,7.0,215.0,17.916666666666668,90.0,28.0,5.0,25.0,11.0,10.0,4.0,1,0,,,,,,,,,,,,,,
Baghpat,Uttar Pradesh,High,54.02,4.30209073,4.30209073,0.0,28.0,736.0,26.285714285714285,365.0,3678.0,131.35714285714286,1025.0,0.0,0.0,6941.0,27.0,13.0,5.0,1,0,,,,,,,,,,,,,,
Bahraich,Uttar Pradesh,High,59.19,3.679886741,4.089125081,0.40923834,72.0,1065.0,14.791666666666666,365.0,6723.0,93.375,1313.0,100.0,0.0,11268.0,67.0,35.0,20.0,1,0,,,,,,,,,,,,,,
Baksa,Assam,High,59.2,3.732064694,3.829965692,0.097900998,139.0,797.0,5.733812949640288,93.0,1704.0,12.258992805755396,268.0,49.0,4.0,7875618.0,124.0,114.0,120.0,1,0,,,,,,,,,,,,,,
Balaghat,Madhya Pradesh,High,39.69,1.072556027,1.159502036,0.086946009,25.0,139.0,5.56,14.0,347.0,13.88,103.0,108.0,0.0,2000.0,25.0,15.0,3.0,1,0,,,,,,,,,,,,,,
Balangir,Odisha,High,45.43,1.095326967,1.245116533,0.149789566,20.0,648.0,32.4,365.0,1654.0,82.7,1025.0,1.0,0.0,22756.0,16.0,4.0,4.0,1,0,,,,,,,,,,,,,,
Baleshwar,Odisha,Very High,64.41,8.765273065,12.64357177,3.878298705,53.0,828.0,15.622641509433961,365.0,3027.0,57.113207547169814,1025.0,9.0,0.0,55488.0,49.0,20.0,7.0,1,0,,,,,,,,,,,,,,
Ballari,Karnataka,High,48.29,0.548620386,1.132672375,0.584051989,58.0,478.0,8.241379310344827,31.0,1517.0,26.155172413793103,308.0,152.0,0.0,11866.0,42.0,49.0,26.0,1,0,,,,,,,,,,,,,,
Ballia,Uttar Pradesh,Very High,75.41,13.30007152,14.2259764,0.925904877,65.0,1127.0,17.338461538461537,365.0,7788.0,119.81538461538462,1313.0,78.0,0.0,11164.0,63.0,23.0,15.0,1,0,,,,,,,,,,,,,,
Balod,Chhattisgarh,Low,6.9,0.024923064,0.692282824,0.717205888,1.0,3.0,3.0,3.0,0.0,0.0,0.0,0.0,0.0,0.0,1.0,1.0,1.0,1,0,,,,,,,,,,,,,,
Baloda Bazar,Chhattisgarh,Low,11.69,3.300403562,3.669338228,0.368934666,1.0,2.0,2.0,2.0,0.0,0.0,0.0,0.0,0.0,0.0,1.0,1.0,1.0,1,0,,,,,,,,,,,,,,
Balrampur,Uttar Pradesh,High,52.03,2.5087812475,2.5498756809999996,0.0410944335,37.0,726.0,19.62162162162162,365.0,3352.0,90.5945945945946,1025.0,69.0,0.0,4042.0,33.0,21.0,13.0,1,0,,,,,,,,,,,,,,
Bametara,Unknown,Low,4.04,2.384020554,2.704068243,0.320047689,0.0,0.0,0.0,0.0,0.0,0.0,0.0,0.0,0.0,0.0,0.0,0.0,0.0,0,0,,,,,,,,,,,,,,
Banas Kantha,Gujarat,High,43.93,0.567783602,0.684661264,0.116877662,23.0,413.0,17.956521739130434,122.0,1630.0,70.8695652173913,288.0,39.0,2.0,24656.0,22.0,10.0,6.0,1,0,,,,,,,,,,,,,,
Banda,Uttar Pradesh,High,58.17,6.313682456,6.835722082,0.522039626,34.0,731.0,21.5,365.0,3468.0,102.0,1025.0,44.0,0.0,3958.0,32.0,14.0,6.0,1,0,,,,,,,,,,,,,,
Bandipore,Jammu and Kashmir,High,40.87,1.936451826,2.552861234,0.616409408,18.0,119.0,6.611111111111111,22.0,885.0,49.166666666666664,350.0,9.0,0.0,11185.0,14.0,8.0,4.0,1,0,,,,,,,,,,,,,,
Bangalore,Karnataka,High,44.91,0.114566985,0.342520348,0.227953363,53.0,311.0,5.867924528301887,31.0,783.0,14.773584905660377,198.0,98.0,0.0,11103.0,40.0,49.0,21.0,1,0,,,,,,,,,,,,,,
Banka,Bihar,High,51.45,1.685961495,2.03422427,0.348262775,35.0,925.0,26.428571428571427,365.0,4314.0,123.25714285714285,1025.0,0.0,0.0,4471.0,34.0,11.0,3.0,1,0,,,,,,,,,,,,,,
Bankura,West Bengal,High,47.55,1.401768891,1.837666654,0.435897763,21.0,732.0,34.857142857142854,365.0,3130.0,149.04761904761904,1258.0,26.0,0.0,590.0,19.0,4.0,2.0,1,0,,,,,,,,,,,,,,
Banswara,Rajasthan,High,43.15,0.016887325,0.908342871,0.925230196,28.0,481.0,17.178571428571427,365.0,834.0,29.785714285714285,440.0,48.0,0.0,75300.0,26.0,22.0,7.0,1,0,,,,,,,,,,,,,,
Bara Banki,Uttar Pradesh,High,57.19,2.865516793,3.016814521,0.151297728,71.0,936.0,13.183098591549296,365.0,5908.0,83.21126760563381,1313.0,51.0,0.0,10933.0,62.0,42.0,29.0,1,0,,,,,,,,,,,,,,
Baramula,Jammu and Kashmir,High,42.42,0.911142533,1.128824654,0.217682121,31.0,144.0,4.645161290322581,22.0,1122.0,36.193548387096776,350.0,100.0,1.0,13752.0,22.0,19.0,11.0,1,0,,,,,,,,,,,,,,
Baran,Rajasthan,High,46.2,2.425109248,2.698445577,0.273336329,27.0,504.0,18.666666666666668,365.0,461.0,17.074074074074073,90.0,44.0,1.0,0.0,26.0,18.0,13.0,1,0,,,,,,,,,,,,,,
Bareilly,Uttar Pradesh,High,56.09,4.170101962,4.170101962,0.0,43.0,781.0,18.162790697674417,365.0,4204.0,97.76744186046511,1025.0,31.0,0.0,4857.0,41.0,23.0,11.0,1,0,,,,,,,,,,,,,,
Bargarh,Odisha,High,47.03,0.036098632,1.309118184,1.345216816,32.0,749.0,23.40625,365.0,2899.0,90.59375,1025.0,0.0,0.0,86958.0,28.0,8.0,7.0,1,0,,,,,,,,,,,,,,
Barmer,Rajasthan,High,44.02,0.873995809,0.88895207,0.014956261,24.0,491.0,20.458333333333332,365.0,858.0,35.75,440.0,18.0,0.0,80686.0,23.0,15.0,6.0,1,0,,,,,,,,,,,,,,
Barnala,Punjab,High,40.97,1.6671773,1.6671773,0.0,23.0,158.0,6.869565217391305,30.0,416.0,18.08695652173913,268.0,6.0,0.0,14.0,17.0,16.0,6.0,1,0,,,,,,,,,,,,,,
Barpeta,Assam,Very High,73.9,10.48787247,13.96647843,3.478605956,165.0,1521.0,9.218181818181819,93.0,2690.0,16.303030303030305,268.0,67.0,0.0,10697543.0,142.0,90.0,105.0,1,0,,,,,,,,,,,,,,
Barwani,Madhya Pradesh,Moderate,34.44,0.27606099,0.86377453,0.58771354,16.0,101.0,6.3125,14.0,179.0,11.1875,90.0,22.0,1.0,2003.0,15.0,9.0,4.0,1,0,,,,,,,,,,,,,,
Bastar,Chhattisgarh,Moderate,29.85,1.632703879,1.887109361,0.254405482,10.0,40.0,4.0,14.0,40.0,4.0,18.0,41.0,0.0,0.0,10.0,8.0,5.0,1,0,,,,,,,,,,,,,,
Basti,Uttar Pradesh,High,59.5,4.636039801,4.958766648,0.322726847,56.0,1046.0,18.678571428571427,365.0,6226.0,111.17857142857143,1313.0,29.0,0.0,10894.0,52.0,22.0,13.0,1,0,,,,,,,,,,,,,,
Bathinda,Punjab,High,49.69,4.064778009,4.083232034,0.018454025,42.0,289.0,6.880952380952381,38.0,526.0,12.523809523809524,268.0,24.0,0.0,673.0,33.0,33.0,9.0,1,0,,,,,,,,,,,,,,
Baudh,Unknown,Low,2.89,1.709315466,2.608651472,0.899336006,0.0,0.0,0.0,0.0,0.0,0.0,0.0,0.0,0.0,0.0,0.0,0.0,0.0,0,0,,,,,,,,,,,,,,
Begusarai,Bihar,Very High,86.0,20.79971936,21.87259266,1.072873296,50.0,1109.0,22.18,365.0,4588.0,91.76,1025.0,100.0,0.0,1066.0,46.0,17.0,10.0,1,0,,,,,,,,,,,,,,
Belagavi,Karnataka,High,48.95,0.716049892,1.274110942,0.55806105,65.0,460.0,7.076923076923077,31.0,1485.0,22.846153846153847,308.0,120.0,3.0,11656.0,52.0,58.0,32.0,1,0,,,,,,,,,,,,,,
Bengaluru Rural,Karnataka,High,48.0,0.120542304,0.192307509,0.071765205,87.0,377.0,4.333333333333333,31.0,957.0,11.0,198.0,295.0,0.0,10169.0,64.0,81.0,17.0,1,0,,,,,,,,,,,,,,
Betul,Madhya Pradesh,High,38.1,0.572982012,0.659609051,0.086627039,23.0,136.0,5.913043478260869,14.0,287.0,12.478260869565217,90.0,9.0,0.0,40150.0,22.0,14.0,9.0,1,0,,,,,,,,,,,,,,
Bhadohi,Uttar Pradesh,Very High,64.11,11.0100435,12.0892717,1.079228201,23.0,683.0,29.695652173913043,365.0,3273.0,142.30434782608697,1025.0,0.0,0.0,4032.0,21.0,10.0,2.0,1,0,,,,,,,,,,,,,,
Bhadradri Kothagudem,Telangana,Moderate,21.17,0.742354231,1.367448139,0.625093908,7.0,17.0,2.4285714285714284,8.0,4.0,0.5714285714285714,2.0,0.0,0.0,1.0,7.0,7.0,7.0,1,0,,,,,,,,,,,,,,
Bhadrak,Odisha,Very High,60.61,8.404168094,10.96625941,2.562091316,32.0,750.0,23.4375,365.0,2035.0,63.59375,1025.0,0.0,0.0,56198.0,29.0,8.0,8.0,1,0,,,,,,,,,,,,,,
Bhagalpur,Bihar,Very High,74.35,13.72985928,16.20260487,2.47274559,54.0,1099.0,20.35185185185185,365.0,4597.0,85.12962962962963,1025.0,110.0,0.0,8471.0,51.0,21.0,10.0,1,0,,,,,,,,,,,,,,
Bhandara,Maharashtra,High,47.98,1.821346068,2.564278476,0.742932408,58.0,275.0,4.741379310344827,31.0,831.0,14.327586206896552,106.0,102.0,0.0,5000.0,49.0,47.0,14.0,1,0,,,,,,,,,,,,,,
Bharatpur,Rajasthan,High,44.12,2.338615588,2.342300583,0.003684995,30.0,154.0,5.133333333333334,30.0,717.0,23.9,205.0,1003.0,0.0,9699.0,29.0,19.0,3.0,1,0,,,,,,,,,,,,,,
Bharuch,Gujarat,High,51.47,1.820453727,3.432850261,1.612396534,50.0,715.0,14.3,122.0,2203.0,44.06,288.0,119.0,2.0,18676.0,48.0,26.0,14.0,1,0,,,,,,,,,,,,,,
Bhavnagar,Gujarat,High,46.55,0.019310059,1.164791431,1.145481372,39.0,560.0,14.35897435897436,120.0,2071.0,53.1025641025641,594.0,49.0,0.0,118186.0,38.0,23.0,14.0,1,0,,,,,,,,,,,,,,
Bhilwara,Rajasthan,High,44.37,0.74993015,0.795160097,0.045229947,25.0,506.0,20.24,365.0,1027.0,41.08,581.0,44.0,0.0,200130.0,24.0,15.0,5.0,1,0,,,,,,,,,,,,,,
Bhind,Madhya Pradesh,High,38.84,2.689401967,2.808721208,0.119319241,16.0,96.0,6.0,14.0,233.0,14.5625,90.0,0.0,0.0,2050.0,15.0,8.0,4.0,1,0,,,,,,,,,,,,,,
Bhiwani,Haryana,High,39.17,2.187233082,2.188213606,0.000980524,20.0,103.0,5.15,30.0,237.0,11.85,112.0,33.0,0.0,0.0,19.0,14.0,1.0,1,0,,,,,,,,,,,,,,
Bhojpur,Bihar,High,59.69,5.386832738,6.197224303,0.810391565,50.0,1053.0,21.06,365.0,4400.0,88.0,1025.0,0.0,0.0,851.0,47.0,16.0,10.0,1,0,,,,,,,,,,,,,,
Bhopal,Madhya Pradesh,High,41.37,0.000494438,0.626374883,0.626869321,44.0,158.0,3.590909090909091,14.0,510.0,11.590909090909092,158.0,29.0,0.0,41853.0,43.0,37.0,9.0,1,0,,,,,,,,,,,,,,
Bid,Maharashtra,High,46.82,0.274329152,0.847814579,0.573485427,60.0,216.0,3.6,14.0,2658.0,44.3,917.0,119.0,8.0,42202.0,56.0,48.0,28.0,1,0,,,,,,,,,,,,,,
Bidar,Karnataka,High,44.99,0.767478422,1.344650341,0.577171919,36.0,304.0,8.444444444444445,31.0,1241.0,34.47222222222222,308.0,60.0,0.0,9161.0,30.0,32.0,15.0,1,0,,,,,,,,,,,,,,
Bijapur,Karnataka,High,46.15,1.948257182,2.067319021,0.119061839,36.0,314.0,8.722222222222221,31.0,716.0,19.88888888888889,308.0,81.0,0.0,4027.0,27.0,34.0,16.0,1,0,,,,,,,,,,,,,,
Bijnor,Uttar Pradesh,High,52.96,3.487609777,3.55139876,0.063788983,31.0,735.0,23.70967741935484,365.0,3414.0,110.12903225806451,1025.0,0.0,0.0,4350.0,30.0,14.0,5.0,1,0,,,,,,,,,,,,,,
Bikaner,Rajasthan,High,44.92,0.684901436,0.693208661,0.008307225,36.0,511.0,14.194444444444445,365.0,569.0,15.805555555555555,90.0,106.0,0.0,6324.0,35.0,23.0,13.0,1,0,,,,,,,,,,,,,,
Bilaspur,Himachal Pradesh,High,47.83,1.469589187,3.7902931215000004,2.3207039345,62.0,313.0,5.048387096774194,99.0,740.0,11.935483870967742,151.0,26.0,0.0,18566.0,57.0,51.0,21.0,1,0,,,,,,,,,,,,,,
Birbhum,West Bengal,High,54.49,4.483276395,4.557102699,0.073826304,28.0,861.0,30.75,365.0,3172.0,113.28571428571429,1258.0,3.0,0.0,3637.0,26.0,9.0,3.0,1,0,,,,,,,,,,,,,,
Bishnupur,Manipur,Moderate,20.84,0.000998427,3.487839839,3.486841412,6.0,36.0,6.0,17.0,3.0,0.5,3.0,0.0,0.0,0.0,5.0,2.0,0.0,1,0,,,,,,,,,,,,,,
Biswanath,Assam,High,56.54,3.155673349,5.175865068,2.020191719,87.0,892.0,10.25287356321839,93.0,1859.0,21.367816091954023,268.0,49.0,0.0,10723745.0,69.0,64.0,69.0,1,0,,,,,,,,,,,,,,
Bokaro,Jharkhand,Moderate,22.33,0.022030296,1.369848729,1.347818433,6.0,12.0,2.0,6.0,49.0,8.166666666666666,15.0,5.0,0.0,14.0,5.0,6.0,2.0,1,0,,,,,,,,,,,,,,
Bongaigaon,Assam,Very High,65.87,8.287953017,11.75738514,3.469432123,89.0,1010.0,11.348314606741573,93.0,2104.0,23.640449438202246,268.0,49.0,0.0,9984014.0,78.0,48.0,53.0,1,0,,,,,,,,,,,,,,
Botad,Gujarat,High,44.33,0.877107887,0.962947549,0.085839662,26.0,434.0,16.692307692307693,120.0,1011.0,38.88461538461539,202.0,22.0,2.0,10386.0,25.0,17.0,11.0,1,0,,,,,,,,,,,,,,
Budaun,Uttar Pradesh,High,54.89,3.856538771,3.899941243,0.043402472,35.0,783.0,22.37142857142857,365.0,4872.0,139.2,1313.0,25.0,0.0,9646.0,33.0,17.0,10.0,1,0,,,,,,,,,,,,,,
Bulandshahr,Uttar Pradesh,High,56.05,4.603272439,4.647089954,0.043817515,33.0,808.0,24.484848484848484,365.0,5087.0,154.15151515151516,1313.0,23.0,0.0,12807.0,32.0,15.0,6.0,1,0,,,,,,,,,,,,,,
Buldana,Unknown,Low,0.24,0.143033374,0.570331597,0.427298223,0.0,0.0,0.0,0.0,0.0,0.0,0.0,0.0,0.0,0.0,0.0,0.0,0.0,0,0,,,,,,,,,,,,,,
Bundi,Rajasthan,High,47.94,1.991418255,2.12987866,0.138460405,30.0,507.0,16.9,365.0,1521.0,50.7,581.0,46.0,0.0,275300.0,29.0,20.0,10.0,1,0,,,,,,,,,,,,,,
Burhanpur,Madhya Pradesh,High,36.36,0.685540047,0.821960718,0.136420671,19.0,112.0,5.894736842105263,14.0,202.0,10.631578947368421,90.0,31.0,0.0,2075.0,19.0,13.0,8.0,1,0,,,,,,,,,,,,,,
Buxar,Bihar,High,57.74,5.289701443,5.8158623,0.526160857,37.0,923.0,24.945945945945947,365.0,4181.0,113.0,1025.0,0.0,0.0,755.0,34.0,13.0,6.0,1,0,,,,,,,,,,,,,,
Cachar,Assam,Very High,70.72,9.233600225,9.573358688,0.339758463,154.0,1223.0,7.941558441558442,93.0,2447.0,15.88961038961039,268.0,208.0,13.0,7093975.0,113.0,94.0,98.0,1,0,,,,,,,,,,,,,,
Central,Delhi,High,40.44,7.250541685,7.250541685,0.0,16.0,42.0,2.625,22.0,21.0,1.3125,3.0,48.0,0.0,25.0,15.0,15.0,1.0,1,0,,,,,,,,,,,,,,
Chamarajanagara,Karnataka,Low,9.46,1.93767925,2.083532915,0.145853665,1.0,1.0,1.0,1.0,1.0,1.0,1.0,0.0,0.0,0.0,1.0,1.0,1.0,1,0,,,,,,,,,,,,,,
Chamba,Himachal Pradesh,High,46.69,0.208436762,0.400300346,0.191863584,74.0,334.0,4.513513513513513,99.0,751.0,10.14864864864865,151.0,40.0,0.0,18408.0,70.0,64.0,30.0,1,0,,,,,,,,,,,,,,
Chamoli,Uttarakhand,High,46.1,0.988526383,1.044647093,0.05612071,37.0,142.0,3.8378378378378377,31.0,5955.0,160.94594594594594,5000.0,123.0,215.0,1674.0,31.0,27.0,17.0,1,0,,,,,,,,,,,,,,
Champawat,Uttarakhand,Moderate,28.68,1.216386696,1.472908997,0.256522301,8.0,17.0,2.125,7.0,198.0,24.75,90.0,29.0,5.0,25.0,8.0,7.0,1.0,1,0,,,,,,,,,,,,,,
Champhai,Mizoram,Moderate,28.29,0.919185436,0.919185436,0.0,10.0,27.0,2.7,17.0,60.0,6.0,25.0,8.0,0.0,0.0,7.0,8.0,0.0,1,0,,,,,,,,,,,,,,
Chandauli,Uttar Pradesh,High,59.23,7.890839495,8.940225734,1.049386239,25.0,689.0,27.56,365.0,3283.0,131.32,1025.0,10.0,0.0,4032.0,22.0,12.0,4.0,1,0,,,,,,,,,,,,,,
Chandel,Manipur,Moderate,17.4,0.630871175,0.632996,0.002124825,4.0,28.0,7.0,17.0,0.0,0.0,0.0,0.0,0.0,0.0,3.0,1.0,0.0,1,0,,,,,,,,,,,,,,
Chandigarh,Punjab,Moderate,28.64,0.000993771,0.001739235,0.000745464,19.0,43.0,2.263157894736842,14.0,17.0,0.8947368421052632,5.0,13.0,0.0,0.0,19.0,17.0,1.0,1,0,,,,,,,,,,,,,,
Chandrapur,Maharashtra,High,48.11,1.224884143,1.760192182,0.535308039,64.0,291.0,4.546875,31.0,1154.0,18.03125,149.0,134.0,0.0,5980.0,55.0,51.0,25.0,1,0,,,,,,,,,,,,,,
Changlang,Arunachal Pradesh,High,40.95,2.517227647,2.538486995,0.021259348,23.0,107.0,4.6521739130434785,17.0,322.0,14.0,268.0,31.0,2.0,16.0,17.0,17.0,9.0,1,0,,,,,,,,,,,,,,
Charaideo,Assam,Very High,73.85,16.04309188,16.05397104,0.010879162,38.0,697.0,18.342105263157894,93.0,1727.0,45.44736842105263,268.0,49.0,0.0,5220302.0,25.0,15.0,21.0,1,0,,,,,,,,,,,,,,
Charki Dadri,Haryana,Moderate,31.13,0.852566261,0.854921696,0.002355435,11.0,78.0,7.090909090909091,30.0,53.0,4.818181818181818,51.0,8.0,0.0,0.0,10.0,7.0,0.0,1,0,,,,,,,,,,,,,,
Chatra,Jharkhand,Moderate,24.66,0.339585416,0.37639693,0.036811514,8.0,16.0,2.0,4.0,47.0,5.875,15.0,12.0,0.0,22.0,7.0,8.0,5.0,1,0,,,,,,,,,,,,,,
Chengalpattu,Tamil Nadu,High,40.42,2.752509381,4.817890104,2.065380723,13.0,117.0,9.0,23.0,706.0,54.30769230769231,177.0,156.0,0.0,2816.0,13.0,10.0,0.0,1,0,,,,,,,,,,,,,,
Chennai,Tamil Nadu,High,53.21,3.572786193,4.645634657,1.072848464,58.0,486.0,8.379310344827585,186.0,1311.0,22.603448275862068,177.0,203.0,0.0,4536.0,52.0,52.0,20.0,1,1,449.7,439.1,2.41,937.8,789.9,18.72,3.1,36.7,2.9,58.5,1393.5,1324.2,5.23,0.9957
Chhatarpur,Madhya Pradesh,High,36.61,1.026450906,1.27766675,0.251215844,17.0,109.0,6.411764705882353,14.0,232.0,13.647058823529411,90.0,0.0,0.0,45000.0,17.0,11.0,4.0,1,0,,,,,,,,,,,,,,
Chhindwara,Madhya Pradesh,High,39.29,0.243637627,0.626598635,0.382961008,31.0,144.0,4.645161290322581,14.0,339.0,10.935483870967742,90.0,15.0,0.0,2000.0,31.0,19.0,7.0,1,0,,,,,,,,,,,,,,
Chikkaballapura,Karnataka,High,42.29,0.18147016,0.292140809,0.110670649,36.0,238.0,6.611111111111111,31.0,658.0,18.27777777777778,198.0,60.0,3.0,7992.0,31.0,29.0,14.0,1,0,,,,,,,,,,,,,,
Chikkamagaluru,Karnataka,High,39.26,0.48643499,1.355001002,0.868566012,22.0,144.0,6.545454545454546,31.0,646.0,29.363636363636363,198.0,58.0,50.0,9830.0,21.0,15.0,8.0,1,0,,,,,,,,,,,,,,
Chirang,Assam,High,56.44,2.853895807,2.875769392,0.021873585,95.0,891.0,9.378947368421052,93.0,1876.0,19.74736842105263,268.0,49.0,1.0,10664861.0,85.0,68.0,78.0,1,0,,,,,,,,,,,,,,
Chitradurga,Karnataka,High,43.22,0.186919271,0.426895091,0.23997582,34.0,291.0,8.558823529411764,31.0,968.0,28.470588235294116,198.0,49.0,0.0,9159.0,26.0,30.0,15.0,1,0,,,,,,,,,,,,,,
Chitrakoot,Uttar Pradesh,High,50.67,2.462686041,2.917583682,0.454897641,29.0,691.0,23.82758620689655,365.0,3234.0,111.51724137931035,1025.0,25.0,0.0,3952.0,26.0,16.0,6.0,1,0,,,,,,,,,,,,,,
Chittaurgarh,Unknown,Low,0.06,0.033230403,1.068551638,1.101782041,0.0,0.0,0.0,0.0,0.0,0.0,0.0,0.0,0.0,0.0,0.0,0.0,0.0,0,0,,,,,,,,,,,,,,
Chittoor,Andhra Pradesh,High,39.56,0.504525197,0.573483172,0.068957975,19.0,159.0,8.368421052631579,31.0,953.0,50.1578947368421,338.0,0.0,0.0,69206.0,17.0,13.0,4.0,1,0,,,,,,,,,,,,,,
Chota Udaipur,Gujarat,High,38.17,0.112482708,0.859683354,0.747200646,14.0,225.0,16.071428571428573,31.0,785.0,56.07142857142857,202.0,11.0,0.0,1113.0,14.0,7.0,6.0,1,0,,,,,,,,,,,,,,
Churachandpur,Manipur,Moderate,17.92,0.939291668,1.167264968,0.2279733,4.0,28.0,7.0,17.0,0.0,0.0,0.0,0.0,0.0,0.0,3.0,1.0,0.0,1,0,,,,,,,,,,,,,,
Churu,Rajasthan,High,42.37,0.775893058,0.776519408,0.00062635,20.0,500.0,25.0,365.0,553.0,27.65,90.0,85.0,0.0,1018.0,19.0,8.0,3.0,1,0,,,,,,,,,,,,,,
Coimbatore,Tamil Nadu,High,42.0,0.316836382,0.519629022,0.20279264,33.0,167.0,5.0606060606060606,16.0,1065.0,32.27272727272727,200.0,234.0,0.0,9093.0,27.0,27.0,14.0,1,1,510.0,189.8,168.7,182.6,328.9,-44.48,12.8,20.3,311.8,150.3,1017.2,689.3,47.57,0.6809
Cooch Behar,West Bengal,High,55.45,7.501454061,7.872524259,0.371070198,33.0,254.0,7.696969696969697,61.0,1187.0,35.96969696969697,336.0,5.0,0.0,50511.0,31.0,16.0,7.0,1,0,,,,,,,,,,,,,,
Cuddalore,Tamil Nadu,High,50.0,5.871797745,6.561569456,0.689771711,30.0,134.0,4.466666666666667,16.0,838.0,27.933333333333334,177.0,188.0,0.0,3143.0,26.0,27.0,11.0,1,1,465.7,383.1,21.56,775.9,697.8,11.19,55.0,44.1,14.4,81.7,1311.0,1206.7,8.64,0.9471
Cuttack,Odisha,Very High,70.05,11.50951078,13.14840204,1.638891263,58.0,949.0,16.362068965517242,365.0,3457.0,59.60344827586207,1025.0,6.0,0.0,86282.0,52.0,19.0,6.0,1,0,,,,,,,,,,,,,,
Dadra and Nagar Haveli,Dadar&Nagar Haveli,Moderate,17.83,2.969167705,3.614704922,0.645537217,2.0,2.0,1.0,1.0,17.0,8.5,15.0,0.0,0.0,0.0,2.0,2.0,1.0,1,0,,,,,,,,,,,,,,
Dakshin Bastar Dantewada,Chhattisgarh,Moderate,16.18,1.67319932,1.73160173,0.05840241,2.0,2.0,1.0,1.0,24.0,12.0,24.0,0.0,0.0,42.0,1.0,2.0,2.0,1,0,,,,,,,,,,,,,,
Dakshin Dinajpur,West Bengal,High,54.59,3.848386134,3.854366613,0.005980479,39.0,914.0,23.435897435897434,365.0,2403.0,61.61538461538461,1025.0,8.0,0.0,1691.0,37.0,12.0,5.0,1,0,,,,,,,,,,,,,,
Dakshina Kannada,Karnataka,High,50.04,1.026488871,1.44861205,0.422123179,75.0,601.0,8.013333333333334,62.0,925.0,12.333333333333334,198.0,148.0,50.0,9316.0,61.0,66.0,34.0,1,0,,,,,,,,,,,,,,
Daman,Unknown,Low,2.62,1.544538442,2.853534384,1.308995942,0.0,0.0,0.0,0.0,0.0,0.0,0.0,0.0,0.0,0.0,0.0,0.0,0.0,0,0,,,,,,,,,,,,,,
Damoh,Madhya Pradesh,High,37.7,1.193640384,1.37672163,0.183081246,19.0,112.0,5.894736842105263,17.0,270.0,14.210526315789474,90.0,0.0,0.0,40000.0,17.0,12.0,2.0,1,0,,,,,,,,,,,,,,
Darbhanga,Bihar,Very High,69.64,10.05644787,10.08119281,0.024744941,67.0,1230.0,18.35820895522388,365.0,5282.0,78.83582089552239,1025.0,30.0,0.0,1040.0,63.0,21.0,14.0,1,0,,,,,,,,,,,,,,
Darjiling,West Bengal,High,53.75,1.918361249,2.014600116,0.096238867,71.0,804.0,11.32394366197183,365.0,2509.0,35.33802816901409,1025.0,74.0,0.0,304.0,66.0,44.0,9.0,1,0,,,,,,,,,,,,,,
Darrang,Assam,Very High,75.78,11.80139268,15.62408864,3.822695958,157.0,1458.0,9.286624203821656,93.0,2677.0,17.05095541401274,268.0,61.0,2.0,10369265.0,137.0,80.0,96.0,1,0,,,,,,,,,,,,,,
Datia,Madhya Pradesh,High,35.89,2.165231715,2.46515688,0.299925165,12.0,78.0,6.5,14.0,197.0,16.416666666666668,90.0,0.0,0.0,2035.0,12.0,7.0,1.0,1,0,,,,,,,,,,,,,,
Dausa,Rajasthan,High,39.76,0.498796958,0.503371084,0.004574126,15.0,453.0,30.2,365.0,379.0,25.266666666666666,90.0,39.0,0.0,0.0,14.0,8.0,3.0,1,0,,,,,,,,,,,,,,
Davanagere,Unknown,Low,0.57,0.337248387,0.757147753,0.419899366,0.0,0.0,0.0,0.0,0.0,0.0,0.0,0.0,0.0,0.0,0.0,0.0,0.0,0,0,,,,,,,,,,,,,,
Debagarh,Unknown,Low,0.04,0.025728406,2.166747854,2.19247626,0.0,0.0,0.0,0.0,0.0,0.0,0.0,0.0,0.0,0.0,0.0,0.0,0.0,0,0,,,,,,,,,,,,,,
Dehradun,Uttarakhand,High,45.3,1.480749996,1.565549733,0.084799737,31.0,177.0,5.709677419354839,52.0,2548.0,82.19354838709677,1313.0,43.0,14.0,5731.0,28.0,22.0,13.0,1,0,,,,,,,,,,,,,,
Deoghar,Jharkhand,Moderate,21.42,0.81176508,0.900022929,0.088257849,4.0,18.0,4.5,14.0,17.0,4.25,15.0,0.0,0.0,0.0,4.0,2.0,1.0,1,0,,,,,,,,,,,,,,
Deoria,Uttar Pradesh,Very High,64.74,7.694821538,7.998150162,0.303328624,56.0,1058.0,18.892857142857142,365.0,6340.0,113.21428571428571,1313.0,47.0,0.0,10667.0,54.0,24.0,13.0,1,0,,,,,,,,,,,,,,
Devbhumi Dwarka,Gujarat,Moderate,23.33,0.024373659,0.632384691,0.65675835,1.0,120.0,120.0,120.0,81.0,81.0,81.0,4.0,0.0,220.0,1.0,1.0,1.0,1,0,,,,,,,,,,,,,,
Dewas,Madhya Pradesh,Moderate,34.8,0.631542867,1.037523564,0.405980697,16.0,83.0,5.1875,14.0,210.0,13.125,90.0,19.0,0.0,2150.0,16.0,11.0,1.0,1,0,,,,,,,,,,,,,,
Dhalai,Tripura,Moderate,34.93,0.336825147,1.167627679,0.830802532,23.0,101.0,4.391304347826087,21.0,87.0,3.782608695652174,34.0,10.0,0.0,0.0,18.0,16.0,6.0,1,0,,,,,,,,,,,,,,
Dhamtari,Chhattisgarh,Moderate,17.51,0.04693727,1.523869436,1.570806706,3.0,4.0,1.3333333333333333,2.0,57.0,19.0,40.0,2.0,0.0,0.0,3.0,3.0,2.0,1,0,,,,,,,,,,,,,,
Dhanbad,Jharkhand,Moderate,16.0,0.207879548,1.331577575,1.123698027,3.0,4.0,1.3333333333333333,2.0,19.0,6.333333333333333,15.0,5.0,0.0,14.0,2.0,3.0,1.0,1,0,,,,,,,,,,,,,,
Dhar,Madhya Pradesh,High,36.85,0.327944556,0.815779757,0.487835201,22.0,112.0,5.090909090909091,14.0,266.0,12.090909090909092,90.0,0.0,0.0,2000.0,20.0,14.0,6.0,1,0,,,,,,,,,,,,,,
Dharmapuri,Tamil Nadu,High,36.31,0.244881502,0.764553583,0.519672081,15.0,94.0,6.266666666666667,16.0,747.0,49.8,177.0,156.0,0.0,4033.0,15.0,12.0,6.0,1,1,402.4,393.4,2.29,254.6,330.1,-22.87,1.4,18.2,162.4,160.4,820.8,902.1,-9.01,0.8004
Dharwad,Karnataka,High,47.17,0.283121417,0.419364228,0.136242811,56.0,408.0,7.285714285714286,31.0,1431.0,25.553571428571427,308.0,140.0,3.0,11637.0,43.0,50.0,21.0,1,0,,,,,,,,,,,,,,
Dhaulpur,Unknown,Low,4.71,2.780566497,3.16604113,0.385474633,0.0,0.0,0.0,0.0,0.0,0.0,0.0,0.0,0.0,0.0,0.0,0.0,0.0,0,0,,,,,,,,,,,,,,
Dhemaji,Assam,Very High,73.28,9.385547809,10.8217802,1.436232391,202.0,1728.0,8.554455445544555,93.0,2662.0,13.178217821782178,268.0,216.0,0.0,11017414.0,169.0,103.0,120.0,1,0,,,,,,,,,,,,,,
Dhenkanal,Odisha,High,47.98,0.881789412,1.607306371,0.725516959,28.0,784.0,28.0,365.0,2883.0,102.96428571428571,1025.0,0.0,0.0,56653.0,24.0,6.0,4.0,1,0,,,,,,,,,,,,,,
Dhubri,Assam,Very High,70.26,9.231447974,11.79092943,2.559481456,123.0,1446.0,11.75609756097561,93.0,2634.0,21.414634146341463,268.0,60.0,1.0,10024826.0,109.0,53.0,64.0,1,0,,,,,,,,,,,,,,
Dhule,Maharashtra,High,38.45,0.227687277,0.703409115,0.475721838,25.0,96.0,3.84,14.0,697.0,27.88,149.0,34.0,0.0,2553.0,22.0,21.0,6.0,1,0,,,,,,,,,,,,,,
Dibrugarh,Assam,Very High,76.17,11.91387334,14.95295738,3.039084044,155.0,1596.0,10.296774193548387,93.0,2711.0,17.490322580645163,268.0,240.0,4.0,9849601.0,133.0,80.0,92.0,1,0,,,,,,,,,,,,,,
Dima Hasao,Assam,High,52.26,1.656871704,1.849797408,0.192925704,80.0,614.0,7.675,93.0,1493.0,18.6625,268.0,49.0,0.0,164974.0,58.0,59.0,63.0,1,0,,,,,,,,,,,,,,
Dimapur,Nagaland,Moderate,17.71,1.716497018,1.720970931,0.004473913,3.0,11.0,3.6666666666666665,7.0,2.0,0.6666666666666666,1.0,0.0,0.0,0.0,1.0,2.0,2.0,1,0,,,,,,,,,,,,,,
Dindigul,Tamil Nadu,High,38.03,0.3793423,0.458409501,0.079067201,19.0,109.0,5.7368421052631575,16.0,784.0,41.26315789473684,177.0,169.0,0.0,4284.0,18.0,15.0,6.0,1,1,410.2,295.4,38.86,325.1,436.4,-25.5,12.6,30.9,218.5,168.0,966.4,930.7,3.84,0.7609
Dindori,Madhya Pradesh,Moderate,34.75,1.243229343,1.451159302,0.207929959,13.0,92.0,7.076923076923077,14.0,159.0,12.23076923076923,90.0,0.0,0.0,2000.0,12.0,7.0,4.0,1,0,,,,,,,,,,,,,,
Diu,Unknown,Low,1.39,0.819836479,5.79981831,4.979981831,0.0,0.0,0.0,0.0,0.0,0.0,0.0,0.0,0.0,0.0,0.0,0.0,0.0,0,0,,,,,,,,,,,,,,
Doda,Jammu and Kashmir,High,41.79,0.270530155,0.541398151,0.270867996,33.0,148.0,4.484848484848484,22.0,1194.0,36.18181818181818,350.0,52.0,0.0,11310.0,23.0,16.0,12.0,1,0,,,,,,,,,,,,,,
Dohad,Unknown,Low,0.22,0.129721916,0.331645594,0.201923678,0.0,0.0,0.0,0.0,0.0,0.0,0.0,0.0,0.0,0.0,0.0,0.0,0.0,0,0,,,,,,,,,,,,,,
Dumka,Jharkhand,Moderate,23.86,0.227789055,0.826039058,0.598250003,4.0,25.0,6.25,14.0,84.0,21.0,69.0,0.0,0.0,2016.0,4.0,3.0,0.0,1,0,,,,,,,,,,,,,,
Dungarpur,Rajasthan,High,39.0,0.197777034,0.586707161,0.388930127,15.0,449.0,29.933333333333334,365.0,332.0,22.133333333333333,90.0,39.0,0.0,0.0,14.0,9.0,2.0,1,0,,,,,,,,,,,,,,
Durg,Chhattisgarh,Moderate,28.91,0.43075371,1.029480865,0.598727155,13.0,26.0,2.0,4.0,78.0,6.0,25.0,0.0,0.0,1885.0,11.0,13.0,9.0,1,0,,,,,,,,,,,,,,
East,Unknown,High,36.68,0.1,0.1,0.0,19.0,110.0,5.7894736842105265,38.0,456.0,24.0,321.0,56.0,0.0,4258.0,18.0,16.0,1.0,1,0,,,,,,,,,,,,,,
East District,Delhi,High,37.91,0.831166269,0.934153719,0.10298745,19.0,110.0,5.7894736842105265,38.0,456.0,24.0,321.0,56.0,0.0,4258.0,18.0,16.0,1.0,1,0,,,,,,,,,,,,,,
East Garo Hills,Meghalaya,Moderate,29.02,0.686378319,0.691122728,0.004744409,9.0,34.0,3.7777777777777777,9.0,108.0,12.0,45.0,1.0,0.0,0.0,7.0,7.0,1.0,1,0,,,,,,,,,,,,,,
East Godavari,Andhra Pradesh,High,51.46,3.702696517,6.191781457,2.48908494,39.0,350.0,8.974358974358974,62.0,1972.0,50.56410256410256,338.0,10.0,4.0,90716.0,36.0,25.0,13.0,1,0,,,,,,,,,,,,,,
East Jaintia Hills,Meghalaya,Moderate,16.48,1.627446553,1.649728103,0.02228155,3.0,3.0,1.0,1.0,8.0,2.6666666666666665,8.0,12.0,0.0,0.0,3.0,3.0,0.0,1,0,,,,,,,,,,,,,,
East Kameng,Arunachal Pradesh,High,39.27,1.326925325,1.388336152,0.061410827,23.0,115.0,5.0,17.0,350.0,15.217391304347826,268.0,31.0,2.0,16.0,19.0,15.0,6.0,1,0,,,,,,,,,,,,,,
East Khasi Hills,Meghalaya,Moderate,31.75,1.14976811,1.226830999,0.077062889,16.0,37.0,2.3125,10.0,70.0,4.375,30.0,12.0,4.0,20.0,12.0,11.0,8.0,1,0,,,,,,,,,,,,,,
East Nimar,Madhya Pradesh,Moderate,31.45,0.011130804,1.041803014,1.03067221,11.0,73.0,6.636363636363637,14.0,169.0,15.363636363636363,90.0,0.0,0.0,2000.0,10.0,6.0,1.0,1,0,,,,,,,,,,,,,,
East Siang,Arunachal Pradesh,High,41.76,2.560087006,3.916385666,1.35629866,23.0,134.0,5.826086956521739,17.0,350.0,15.217391304347826,268.0,2031.0,2.0,16.0,20.0,14.0,6.0,1,0,,,,,,,,,,,,,,
Ernakulam,Kerala,High,50.36,1.260337983,5.103357738,3.843019755,84.0,432.0,5.142857142857143,34.0,1097.0,13.05952380952381,339.0,451.0,49.0,847209.0,70.0,76.0,42.0,1,0,,,,,,,,,,,,,,
Erode,Tamil Nadu,High,38.04,0.654316232,1.28966656,0.635350328,17.0,100.0,5.882352941176471,16.0,914.0,53.76470588235294,200.0,181.0,0.0,3948.0,17.0,14.0,9.0,1,1,311.1,229.8,35.38,196.4,314.6,-37.57,15.1,16.1,246.8,142.4,769.4,702.9,9.46,0.6596
Etah,Uttar Pradesh,High,50.38,1.184889889,1.185341675,0.000451786,34.0,781.0,22.970588235294116,365.0,5330.0,156.76470588235293,1313.0,5.0,0.0,9650.0,32.0,17.0,6.0,1,0,,,,,,,,,,,,,,
Etawah,Uttar Pradesh,Very High,64.54,8.501345772,8.738456012,0.23711024,47.0,848.0,18.04255319148936,365.0,5688.0,121.02127659574468,1313.0,46.0,0.0,9707.0,45.0,25.0,13.0,1,0,,,,,,,,,,,,,,
Faizabad,Uttar Pradesh,High,58.02,3.807489683,4.054677701,0.247188018,57.0,971.0,17.035087719298247,365.0,6379.0,111.91228070175438,1313.0,25.0,0.0,10645.0,50.0,28.0,19.0,1,0,,,,,,,,,,,,,,
Faridabad,Haryana,High,45.91,6.911149485,6.911149485,0.0,19.0,127.0,6.684210526315789,30.0,91.0,4.7894736842105265,51.0,11.0,0.0,17.0,18.0,12.0,1.0,1,0,,,,,,,,,,,,,,
Faridkot,Punjab,High,47.23,4.441457773,4.441457773,0.0,31.0,168.0,5.419354838709677,26.0,437.0,14.096774193548388,268.0,7.0,0.0,39.0,23.0,23.0,5.0,1,0,,,,,,,,,,,,,,
Farrukhabad,Uttar Pradesh,High,59.67,6.215089637,6.314129092,0.099039455,39.0,816.0,20.923076923076923,365.0,5476.0,140.4102564102564,1313.0,0.0,0.0,10169.0,37.0,21.0,11.0,1,0,,,,,,,,,,,,,,
Fatehabad,Haryana,High,47.39,9.544000142,9.544000142,0.0,15.0,83.0,5.533333333333333,30.0,55.0,3.6666666666666665,51.0,14.0,0.0,1600.0,14.0,10.0,1.0,1,0,,,,,,,,,,,,,,
Fatehgarh Sahib,Punjab,High,40.58,0.476176498,0.476176498,0.0,28.0,148.0,5.285714285714286,26.0,728.0,26.0,320.0,8.0,0.0,6293.0,21.0,20.0,8.0,1,0,,,,,,,,,,,,,,
Fatehpur,Uttar Pradesh,High,59.71,5.696727002,6.194245238,0.497518236,48.0,826.0,17.208333333333332,365.0,5335.0,111.14583333333333,1313.0,20.0,0.0,9661.0,44.0,28.0,18.0,1,0,,,,,,,,,,,,,,
Fazilka,Punjab,High,46.56,4.742047502,4.742047502,0.0,24.0,165.0,6.875,30.0,438.0,18.25,268.0,6.0,0.0,14.0,18.0,17.0,7.0,1,0,,,,,,,,,,,,,,
Firozabad,Uttar Pradesh,High,54.48,4.216316792,4.216316792,0.0,33.0,707.0,21.424242424242426,365.0,3658.0,110.84848484848484,1025.0,62.0,0.0,3972.0,29.0,19.0,11.0,1,0,,,,,,,,,,,,,,
Firozpur,Unknown,Low,13.69,8.086116559,8.113945312,0.027828753,0.0,0.0,0.0,0.0,0.0,0.0,0.0,0.0,0.0,0.0,0.0,0.0,0.0,0,0,,,,,,,,,,,,,,
Gadag,Karnataka,High,46.21,0.773623563,0.935237691,0.161614128,40.0,391.0,9.775,31.0,1295.0,32.375,308.0,62.0,0.0,10839.0,29.0,36.0,23.0,1,0,,,,,,,,,,,,,,
Gadchiroli,Maharashtra,High,47.2,1.66295656,1.859313068,0.196356508,58.0,227.0,3.913793103448276,31.0,829.0,14.293103448275861,131.0,85.0,0.0,2838.0,52.0,48.0,29.0,1,0,,,,,,,,,,,,,,
Gajapati,Odisha,High,45.21,0.579527084,0.776854184,0.1973271,23.0,659.0,28.652173913043477,365.0,1653.0,71.8695652173913,1025.0,0.0,0.0,22756.0,20.0,6.0,6.0,1,0,,,,,,,,,,,,,,
Ganderbal,Jammu and Kashmir,High,41.81,1.495531299,1.994547665,0.499016366,23.0,131.0,5.695652173913044,22.0,1103.0,47.95652173913044,350.0,91.0,1.0,13725.0,16.0,11.0,10.0,1,0,,,,,,,,,,,,,,
Gandhinagar,Gujarat,High,44.62,1.279892254,1.280221069,0.000328815,20.0,508.0,25.4,122.0,1246.0,62.3,288.0,40.0,0.0,17876.0,18.0,13.0,9.0,1,0,,,,,,,,,,,,,,
Ganganagar,Rajasthan,High,52.49,6.595012526,6.604699359,0.009686833,24.0,493.0,20.541666666666668,365.0,410.0,17.083333333333332,90.0,3.0,0.0,970.0,22.0,14.0,4.0,1,0,,,,,,,,,,,,,,
Ganjam,Odisha,High,52.37,2.595362139,3.782362954,1.187000815,36.0,815.0,22.63888888888889,365.0,3385.0,94.02777777777777,1025.0,6.0,0.0,52749.0,32.0,8.0,2.0,1,0,,,,,,,,,,,,,,
Garhwa,Jharkhand,Moderate,24.88,0.547516784,0.838209479,0.290692695,7.0,16.0,2.2857142857142856,3.0,60.0,8.571428571428571,17.0,0.0,0.0,1.0,7.0,7.0,4.0,1,0,,,,,,,,,,,,,,
Garhwal,Uttarakhand,High,41.6,0.318442467,1.014386007,0.69594354,24.0,160.0,6.666666666666667,52.0,2081.0,86.70833333333333,1313.0,36.0,5.0,6238.0,24.0,16.0,8.0,1,0,,,,,,,,,,,,,,
Gariaband,Unknown,Low,0.86,0.505735659,0.872452961,0.366717302,0.0,0.0,0.0,0.0,0.0,0.0,0.0,0.0,0.0,0.0,0.0,0.0,0.0,0,0,,,,,,,,,,,,,,
Gautam Buddha Nagar,Uttar Pradesh,High,54.75,4.668442714,4.671283575,0.002840861,29.0,724.0,24.96551724137931,365.0,3687.0,127.13793103448276,1025.0,4.0,0.0,6940.0,27.0,14.0,6.0,1,0,,,,,,,,,,,,,,
Gaya,Bihar,High,55.34,3.470539782,3.47076538,0.000225598,42.0,948.0,22.571428571428573,365.0,4288.0,102.0952380952381,1025.0,0.0,0.0,790.0,41.0,13.0,7.0,1,0,,,,,,,,,,,,,,
Ghaziabad,Uttar Pradesh,High,51.65,2.474121961,2.474121961,0.0,32.0,763.0,23.84375,365.0,3777.0,118.03125,1025.0,33.0,0.0,7361.0,30.0,16.0,6.0,1,0,,,,,,,,,,,,,,
Ghazipur,Uttar Pradesh,Very High,63.12,8.379915091,9.244698358,0.864783267,41.0,822.0,20.048780487804876,365.0,4173.0,101.78048780487805,1025.0,19.0,0.0,4039.0,37.0,21.0,10.0,1,0,,,,,,,,,,,,,,
Gir Somnath,Gujarat,High,45.94,0.247012876,0.779801587,0.532788711,33.0,653.0,19.78787878787879,122.0,1395.0,42.27272727272727,288.0,68.0,0.0,26929.0,30.0,24.0,18.0,1,0,,,,,,,,,,,,,,
Giridih,Jharkhand,Moderate,22.86,0.442880209,0.488850861,0.045970652,4.0,18.0,4.5,14.0,61.0,15.25,31.0,0.0,0.0,0.0,4.0,4.0,0.0,1,0,,,,,,,,,,,,,,
Goalpara,Assam,Very High,76.61,12.6070399,15.877175,3.270135105,141.0,1449.0,10.27659574468085,93.0,2630.0,18.652482269503547,268.0,63.0,0.0,10178075.0,115.0,70.0,84.0,1,0,,,,,,,,,,,,,,
Godda,Jharkhand,Moderate,26.29,0.308989819,0.351053647,0.042063828,6.0,29.0,4.833333333333333,14.0,105.0,17.5,69.0,0.0,0.0,2016.0,6.0,5.0,0.0,1,0,,,,,,,,,,,,,,
Golaghat,Assam,Very High,73.71,11.59095462,13.18454925,1.593594635,132.0,1170.0,8.863636363636363,93.0,2184.0,16.545454545454547,268.0,67.0,0.0,10374750.0,112.0,80.0,102.0,1,0,,,,,,,,,,,,,,
Gomati,Tripura,High,37.23,2.517687708,2.520489489,0.002801781,19.0,84.0,4.421052631578948,21.0,83.0,4.368421052631579,34.0,10.0,0.0,0.0,16.0,13.0,3.0,1,0,,,,,,,,,,,,,,
Gonda,Uttar Pradesh,High,57.62,2.868823511,2.9367264,0.067902889,71.0,1063.0,14.971830985915492,365.0,6248.0,88.0,1313.0,26.0,0.0,10339.0,66.0,35.0,22.0,1,0,,,,,,,,,,,,,,
Gondiya,Unknown,Low,0.18,0.10921389,1.020830235,0.911616345,0.0,0.0,0.0,0.0,0.0,0.0,0.0,0.0,0.0,0.0,0.0,0.0,0.0,0,0,,,,,,,,,,,,,,
Gopalganj,Bihar,Very High,60.0,5.467595215,5.900053501,0.432458286,48.0,1139.0,23.729166666666668,365.0,4804.0,100.08333333333333,1025.0,100.0,0.0,1005.0,46.0,14.0,8.0,1,0,,,,,,,,,,,,,,
Gorakhpur,Uttar Pradesh,Very High,69.78,10.09175003,10.44474452,0.35299449,64.0,1167.0,18.234375,365.0,6836.0,106.8125,1313.0,52.0,0.0,11164.0,61.0,21.0,10.0,1,0,,,,,,,,,,,,,,
Gumla,Jharkhand,Moderate,24.14,0.676989466,0.738034735,0.061045269,5.0,22.0,4.4,14.0,46.0,9.2,31.0,0.0,0.0,0.0,4.0,4.0,2.0,1,0,,,,,,,,,,,,,,
Guna,Madhya Pradesh,High,37.11,0.457411017,0.595168951,0.137757934,19.0,105.0,5.526315789473684,15.0,442.0,23.263157894736842,158.0,6.0,0.0,2700.0,19.0,12.0,3.0,1,0,,,,,,,,,,,,,,
Guntur,Andhra Pradesh,High,59.36,9.242779332,10.2423074,0.999528068,34.0,281.0,8.264705882352942,38.0,1654.0,48.64705882352941,338.0,432.0,0.0,102189.0,31.0,23.0,9.0,1,0,,,,,,,,,,,,,,
Gurdaspur,Punjab,High,57.75,7.99043277,8.104089132,0.113656362,45.0,288.0,6.4,38.0,1021.0,22.68888888888889,320.0,9.0,0.0,7026.0,36.0,30.0,8.0,1,0,,,,,,,,,,,,,,
Gurugram,Haryana,Moderate,34.57,1.164893604,1.190106782,0.025213178,16.0,106.0,6.625,30.0,72.0,4.5,51.0,8.0,0.0,0.0,15.0,10.0,2.0,1,0,,,,,,,,,,,,,,
Gwalior,Madhya Pradesh,High,36.77,0.157120971,0.637436542,0.480315571,21.0,114.0,5.428571428571429,14.0,332.0,15.80952380952381,90.0,22.0,0.0,2035.0,20.0,15.0,3.0,1,0,,,,,,,,,,,,,,
Hailakandi,Assam,Very High,80.11,17.33980856,17.39218508,0.052376525,85.0,786.0,9.24705882352941,93.0,1858.0,21.858823529411765,268.0,59.0,0.0,3588733.0,67.0,51.0,56.0,1,0,,,,,,,,,,,,,,
Hamirpur,Himachal Pradesh,Very High,60.83,3.334833206,3.7159281904999997,0.3810949845,117.0,1159.0,9.905982905982906,365.0,5958.0,50.92307692307692,1313.0,88.0,2.0,28287.0,110.0,86.0,35.0,1,0,,,,,,,,,,,,,,
Hanumangarh,Rajasthan,High,39.68,3.706876306,3.719727987,0.012851681,12.0,87.0,7.25,30.0,335.0,27.916666666666668,90.0,1.0,0.0,0.0,11.0,5.0,1.0,1,0,,,,,,,,,,,,,,
Hapur,Uttar Pradesh,High,48.94,1.527097452,1.533241589,0.006144137,26.0,721.0,27.73076923076923,365.0,3701.0,142.34615384615384,1025.0,23.0,0.0,6940.0,25.0,11.0,3.0,1,0,,,,,,,,,,,,,,
Harda,Madhya Pradesh,High,35.41,1.128090368,1.414901297,0.286810929,15.0,89.0,5.933333333333334,14.0,194.0,12.933333333333334,90.0,8.0,0.0,2075.0,14.0,10.0,7.0,1,0,,,,,,,,,,,,,,
Hardoi,Uttar Pradesh,High,56.27,4.346537435,4.375049349,0.028511914,46.0,727.0,15.804347826086957,365.0,3664.0,79.65217391304348,1025.0,19.0,0.0,3964.0,38.0,28.0,18.0,1,0,,,,,,,,,,,,,,
Hardwar,Unknown,Low,3.18,1.875425679,2.049997612,0.174571933,0.0,0.0,0.0,0.0,0.0,0.0,0.0,0.0,0.0,0.0,0.0,0.0,0.0,0,0,,,,,,,,,,,,,,
Hassan,Karnataka,High,44.6,0.048209394,0.65942209,0.611212696,43.0,384.0,8.930232558139535,31.0,874.0,20.325581395348838,198.0,112.0,50.0,11570.0,27.0,37.0,20.0,1,0,,,,,,,,,,,,,,
Hathras,Uttar Pradesh,High,48.46,1.329597887,1.329597887,0.0,26.0,696.0,26.76923076923077,365.0,3576.0,137.53846153846155,1025.0,0.0,0.0,3940.0,25.0,12.0,3.0,1,0,,,,,,,,,,,,,,
Haveri,Karnataka,High,44.44,1.041587377,1.243636673,0.202049296,27.0,342.0,12.666666666666666,31.0,1207.0,44.7037037037037,308.0,44.0,3.0,9388.0,19.0,23.0,17.0,1,0,,,,,,,,,,,,,,
Hazaribagh,Jharkhand,Moderate,31.41,0.077051711,0.550169328,0.473117617,15.0,48.0,3.2,14.0,135.0,9.0,31.0,12.0,0.0,32.0,14.0,15.0,8.0,1,0,,,,,,,,,,,,,,
Hingoli,Maharashtra,High,40.85,0.002176496,1.332394248,1.334570744,32.0,141.0,4.40625,14.0,1047.0,32.71875,302.0,80.0,0.0,12103.0,29.0,24.0,14.0,1,0,,,,,,,,,,,,,,
Hisar,Haryana,High,44.88,4.24034665,4.240875674,0.000529024,21.0,168.0,8.0,38.0,367.0,17.476190476190474,112.0,21.0,0.0,725.0,20.0,11.0,0.0,1,0,,,,,,,,,,,,,,
Hojai,Assam,High,58.86,5.154656156,5.264427439,0.109771283,77.0,767.0,9.96103896103896,93.0,1740.0,22.5974025974026,268.0,49.0,5.0,9261156.0,52.0,58.0,60.0,1,0,,,,,,,,,,,,,,
Hooghly,West Bengal,High,59.25,9.395681278,9.728119034,0.332437756,31.0,285.0,9.193548387096774,61.0,1660.0,53.54838709677419,1258.0,56.0,0.0,4708.0,30.0,18.0,6.0,1,0,,,,,,,,,,,,,,
Hoshangabad,Unknown,Low,2.33,1.375776716,2.346467017,0.970690301,0.0,0.0,0.0,0.0,0.0,0.0,0.0,0.0,0.0,0.0,0.0,0.0,0.0,0,0,,,,,,,,,,,,,,
Hoshiarpur,Punjab,High,45.29,1.015664453,1.124097105,0.108432652,41.0,270.0,6.585365853658536,38.0,986.0,24.048780487804876,320.0,12.0,0.0,6790.0,35.0,26.0,7.0,1,0,,,,,,,,,,,,,,
Howrah,West Bengal,Very High,75.81,19.56511981,22.79593904,3.23081923,30.0,242.0,8.066666666666666,61.0,1583.0,52.766666666666666,1258.0,22.0,0.0,3442.0,29.0,20.0,6.0,1,0,,,,,,,,,,,,,,
Hyderabad,Andhra Pradesh,High,42.87,0.000277133,0.522269753,0.52199262,39.0,289.0,7.410256410256411,31.0,666.0,17.076923076923077,131.0,20.0,0.0,14676.0,38.0,33.0,18.0,1,0,,,,,,,,,,,,,,
Idukki,Kerala,High,50.66,0.004693367,0.789197649,0.784504282,116.0,517.0,4.456896551724138,34.0,1458.0,12.568965517241379,339.0,515.0,54.0,847209.0,104.0,104.0,51.0,1,0,,,,,,,,,,,,,,
Imphal East,Manipur,High,45.57,11.79273868,11.82536756,0.032628883,12.0,58.0,4.833333333333333,17.0,5.0,0.4166666666666667,3.0,0.0,5.0,200.0,9.0,6.0,1.0,1,0,,,,,,,,,,,,,,
Imphal West,Manipur,Moderate,31.23,3.323981318,3.366895401,0.042914083,12.0,58.0,4.833333333333333,17.0,5.0,0.4166666666666667,3.0,0.0,5.0,200.0,9.0,6.0,1.0,1,0,,,,,,,,,,,,,,
Indore,Madhya Pradesh,High,40.69,0.263327649,0.351694942,0.088367293,35.0,161.0,4.6,17.0,466.0,13.314285714285715,158.0,12.0,0.0,2151.0,33.0,27.0,9.0,1,0,,,,,,,,,,,,,,
Jabalpur,Madhya Pradesh,High,40.77,0.609947111,1.701345896,1.091398785,31.0,149.0,4.806451612903226,14.0,536.0,17.29032258064516,158.0,6.0,0.0,3843.0,28.0,19.0,2.0,1,0,,,,,,,,,,,,,,
Jagatsinghapur,Odisha,High,44.49,0.078061187,3.152171799,3.230232986,22.0,688.0,31.272727272727273,365.0,1873.0,85.13636363636364,1025.0,0.0,0.0,56160.0,19.0,4.0,5.0,1,0,,,,,,,,,,,,,,
Jagitial,Andhra Pradesh,Moderate,22.65,1.30267446,1.696878929,0.394204469,2.0,29.0,14.5,21.0,44.0,22.0,44.0,0.0,0.0,300.0,2.0,0.0,0.0,1,0,,,,,,,,,,,,,,
Jaipur,Rajasthan,High,46.22,0.298918883,0.300794996,0.001876113,47.0,556.0,11.829787234042554,365.0,786.0,16.72340425531915,100.0,56.0,0.0,890.0,46.0,35.0,10.0,1,0,,,,,,,,,,,,,,
Jaisalmer,Rajasthan,High,38.82,0.483488206,0.490864938,0.007376732,19.0,127.0,6.684210526315789,30.0,887.0,46.68421052631579,440.0,52.0,0.0,80228.0,19.0,11.0,4.0,1,0,,,,,,,,,,,,,,
Jajapur,Odisha,Very High,64.36,11.54713951,12.17977255,0.632633041,25.0,688.0,27.52,365.0,1749.0,69.96,1025.0,0.0,0.0,56198.0,21.0,7.0,7.0,1,0,,,,,,,,,,,,,,
Jalandhar,Punjab,High,52.77,5.423173348,5.423173348,0.0,46.0,284.0,6.173913043478261,38.0,675.0,14.673913043478262,268.0,46.0,0.0,499.0,35.0,33.0,10.0,1,0,,,,,,,,,,,,,,
Jalaun,Uttar Pradesh,High,55.8,4.80414767,5.196857221,0.392709551,33.0,718.0,21.757575757575758,365.0,4319.0,130.87878787878788,1025.0,67.0,0.0,3958.0,30.0,17.0,9.0,1,0,,,,,,,,,,,,,,
Jalgaon,Maharashtra,High,43.63,1.018783927,1.523114248,0.504330321,47.0,142.0,3.021276595744681,14.0,694.0,14.76595744680851,149.0,75.0,0.0,2602.0,38.0,41.0,18.0,1,0,,,,,,,,,,,,,,
Jalna,Maharashtra,High,44.84,0.061033309,0.710994286,0.649960977,45.0,229.0,5.088888888888889,21.0,2004.0,44.53333333333333,917.0,116.0,0.0,27790.0,41.0,34.0,18.0,1,0,,,,,,,,,,,,,,
Jalor,Unknown,Low,2.28,1.34441163,1.350286581,0.005874951,0.0,0.0,0.0,0.0,0.0,0.0,0.0,0.0,0.0,0.0,0.0,0.0,0.0,0,0,,,,,,,,,,,,,,
Jalpaiguri,West Bengal,High,57.63,4.567777417,4.914165317,0.3463879,55.0,915.0,16.636363636363637,365.0,2832.0,51.49090909090909,1025.0,27.0,0.0,50511.0,52.0,23.0,12.0,1,0,,,,,,,,,,,,,,
Jammu,Jammu and Kashmir,High,47.43,1.589424608,2.064462057,0.475037449,48.0,252.0,5.25,67.0,1445.0,30.104166666666668,350.0,108.0,0.0,11196.0,41.0,33.0,10.0,1,0,,,,,,,,,,,,,,
Jamnagar,Gujarat,High,46.13,0.00210776,0.665233515,0.663125755,32.0,650.0,20.3125,122.0,2184.0,68.25,594.0,74.0,0.0,134729.0,30.0,19.0,10.0,1,0,,,,,,,,,,,,,,
Jamtara,Jharkhand,Moderate,19.8,0.660567369,1.614168247,0.953600878,3.0,17.0,5.666666666666667,14.0,15.0,5.0,15.0,0.0,0.0,0.0,3.0,2.0,0.0,1,0,,,,,,,,,,,,,,
Jamui,Bihar,High,48.6,0.413248775,0.5711396,0.157890825,31.0,900.0,29.032258064516128,365.0,4110.0,132.58064516129033,1025.0,0.0,0.0,755.0,30.0,8.0,2.0,1,0,,,,,,,,,,,,,,
Jangoan,Andhra Pradesh,Moderate,20.64,0.117767389,0.433243486,0.315476097,2.0,29.0,14.5,21.0,44.0,22.0,44.0,0.0,0.0,300.0,2.0,0.0,0.0,1,0,,,,,,,,,,,,,,
Janjgir - Champa,Chhattisgarh,Moderate,22.51,1.928896826,2.305607554,0.376710728,5.0,11.0,2.2,3.0,13.0,2.6,6.0,6.0,0.0,0.0,5.0,5.0,5.0,1,0,,,,,,,,,,,,,,
Jashpur,Chhattisgarh,Low,8.98,0.568829082,0.612002702,0.04317362,1.0,1.0,1.0,1.0,5.0,5.0,5.0,0.0,0.0,0.0,1.0,1.0,0.0,1,0,,,,,,,,,,,,,,
Jaunpur,Uttar Pradesh,High,57.56,4.243344328,4.255610411,0.012266083,47.0,888.0,18.893617021276597,365.0,6036.0,128.4255319148936,1313.0,23.0,0.0,9756.0,42.0,25.0,12.0,1,0,,,,,,,,,,,,,,
Jayashankar,Unknown,Low,8.84,5.219547095,5.683848444,0.464301349,0.0,0.0,0.0,0.0,0.0,0.0,0.0,0.0,0.0,0.0,0.0,0.0,0.0,0,0,,,,,,,,,,,,,,
Jehanabad,Bihar,Very High,65.62,10.27922577,10.28041514,0.001189369,33.0,902.0,27.333333333333332,365.0,4175.0,126.51515151515152,1025.0,0.0,0.0,755.0,31.0,10.0,4.0,1,0,,,,,,,,,,,,,,
Jhabua,Madhya Pradesh,Moderate,34.42,0.2786779,0.409073564,0.130395664,15.0,110.0,7.333333333333333,14.0,182.0,12.133333333333333,90.0,0.0,0.0,2000.0,14.0,8.0,3.0,1,0,,,,,,,,,,,,,,
Jhajjar,Haryana,Moderate,32.77,1.429459568,1.433630243,0.004170675,12.0,80.0,6.666666666666667,30.0,61.0,5.083333333333333,51.0,8.0,0.0,0.0,11.0,7.0,1.0,1,0,,,,,,,,,,,,,,
Jhalawar,Rajasthan,High,44.01,0.94013361,1.321031828,0.380898218,30.0,507.0,16.9,365.0,419.0,13.966666666666667,90.0,10.0,0.0,50.0,29.0,21.0,13.0,1,0,,,,,,,,,,,,,,
Jhansi,Uttar Pradesh,High,49.27,1.823896934,2.23315222,0.409255286,25.0,684.0,27.36,365.0,4025.0,161.0,1025.0,22.0,0.0,3958.0,22.0,11.0,2.0,1,0,,,,,,,,,,,,,,
Jhargram,Unknown,Low,3.01,1.774765393,1.847517048,0.072751655,0.0,0.0,0.0,0.0,0.0,0.0,0.0,0.0,0.0,0.0,0.0,0.0,0.0,0,0,,,,,,,,,,,,,,
Jharsuguda,Odisha,High,44.26,0.163912049,2.936283719,3.100195768,21.0,657.0,31.285714285714285,365.0,1815.0,86.42857142857143,1025.0,0.0,0.0,53660.0,18.0,4.0,4.0,1,0,,,,,,,,,,,,,,
Jhunjhunun,Rajasthan,High,35.19,0.337147246,0.337331328,0.000184082,13.0,100.0,7.6923076923076925,30.0,456.0,35.07692307692308,90.0,39.0,0.0,890.0,13.0,5.0,0.0,1,0,,,,,,,,,,,,,,
Jind,Haryana,High,39.47,1.133905451,1.133905451,0.0,25.0,162.0,6.48,30.0,224.0,8.96,112.0,36.0,0.0,300.0,24.0,16.0,0.0,1,0,,,,,,,,,,,,,,
Jiribam,Manipur,Moderate,26.45,5.232607471,5.343630309,0.111022838,5.0,33.0,6.6,17.0,0.0,0.0,0.0,0.0,0.0,0.0,3.0,2.0,1.0,1,0,,,,,,,,,,,,,,
Jodhpur,Rajasthan,High,47.06,0.351856339,0.356570143,0.004713804,43.0,550.0,12.790697674418604,365.0,1585.0,36.86046511627907,581.0,60.0,0.0,275616.0,41.0,30.0,13.0,1,0,,,,,,,,,,,,,,
Jogulamba Gadwal,Andhra Pradesh,Moderate,29.18,1.404701855,2.863639705,1.45893785,4.0,135.0,33.75,92.0,44.0,11.0,44.0,0.0,0.0,300.0,4.0,2.0,1.0,1,0,,,,,,,,,,,,,,
Jorhat,Assam,Very High,67.07,6.654597736,7.736947443,1.082349707,136.0,1756.0,12.911764705882353,93.0,2959.0,21.75735294117647,268.0,65.0,0.0,10798935.0,113.0,47.0,66.0,1,0,,,,,,,,,,,,,,
Junagadh,Gujarat,High,51.32,1.19245741,1.288798667,0.096341257,52.0,835.0,16.057692307692307,122.0,2677.0,51.48076923076923,594.0,77.0,2.0,134743.0,48.0,36.0,23.0,1,0,,,,,,,,,,,,,,
Kabeerdham,Chhattisgarh,Low,9.68,0.564680218,0.818669924,0.253989706,2.0,3.0,1.5,2.0,0.0,0.0,0.0,0.0,0.0,0.0,0.0,2.0,2.0,1,0,,,,,,,,,,,,,,
Kachchh,Gujarat,High,51.24,3.088679389,12.67467755,9.585998161,31.0,737.0,23.774193548387096,122.0,1822.0,58.774193548387096,288.0,88.0,2.0,33931.0,27.0,21.0,17.0,1,0,,,,,,,,,,,,,,
Kaimur (bhabua),Bihar,High,52.76,2.607282647,2.869921368,0.262638721,34.0,903.0,26.558823529411764,365.0,4165.0,122.5,1025.0,0.0,0.0,755.0,33.0,11.0,5.0,1,0,,,,,,,,,,,,,,
Kaithal,Haryana,High,38.66,3.116290715,3.116757085,0.00046637,14.0,84.0,6.0,30.0,237.0,16.928571428571427,112.0,21.0,0.0,0.0,13.0,8.0,1.0,1,0,,,,,,,,,,,,,,
Kakching,Manipur,Moderate,22.29,3.520388451,3.624802358,0.104413907,4.0,28.0,7.0,17.0,0.0,0.0,0.0,0.0,0.0,0.0,3.0,1.0,0.0,1,0,,,,,,,,,,,,,,
Kalaburagi,Karnataka,High,47.33,0.562792586,1.1108725,0.548079914,53.0,401.0,7.566037735849057,31.0,1418.0,26.754716981132077,308.0,93.0,0.0,11928.0,46.0,44.0,21.0,1,0,,,,,,,,,,,,,,
Kalahandi,Odisha,High,48.19,0.398050093,0.969360733,0.57131064,35.0,783.0,22.37142857142857,365.0,2943.0,84.08571428571429,1025.0,0.0,2.0,57519.0,31.0,10.0,10.0,1,0,,,,,,,,,,,,,,
Kalimpong,West Bengal,Moderate,25.03,0.958398623,1.209230259,0.250831636,4.0,24.0,6.0,14.0,86.0,21.5,80.0,0.0,0.0,0.0,4.0,3.0,1.0,1,0,,,,,,,,,,,,,,
Kallakurichi,Tamil Nadu,High,36.75,1.71000415,1.726935239,0.016931089,10.0,96.0,9.6,16.0,596.0,59.6,177.0,156.0,0.0,2738.0,10.0,8.0,2.0,1,0,,,,,,,,,,,,,,
Kamareddy,Telangana,Moderate,26.45,0.951305306,1.880129371,0.928824065,3.0,59.0,19.666666666666668,30.0,93.0,31.0,49.0,9.0,0.0,7033.0,3.0,1.0,1.0,1,0,,,,,,,,,,,,,,
Kamjong,Manipur,Moderate,17.14,0.481550805,0.610853038,0.129302233,4.0,28.0,7.0,17.0,0.0,0.0,0.0,0.0,0.0,0.0,3.0,1.0,0.0,1,0,,,,,,,,,,,,,,
Kamle,Arunachal Pradesh,High,38.13,1.835951782,2.140222737,0.304270955,18.0,88.0,4.888888888888889,17.0,307.0,17.055555555555557,268.0,31.0,0.0,16.0,14.0,12.0,5.0,1,0,,,,,,,,,,,,,,
Kamrup,Assam,Very High,71.09,8.562804612,10.03897902,1.476174408,181.0,1514.0,8.3646408839779,93.0,2762.0,15.259668508287293,268.0,69.0,3.0,10618302.0,151.0,108.0,105.0,1,0,,,,,,,,,,,,,,
Kamrup Metropolitan,Unknown,Moderate,22.32,13.18157395,14.80454405,1.622970103,0.0,0.0,0.0,0.0,0.0,0.0,0.0,0.0,0.0,0.0,0.0,0.0,0.0,0,0,,,,,,,,,,,,,,
Kancheepuram,Tamil Nadu,High,38.63,1.758222114,2.694220448,0.935998334,15.0,94.0,6.266666666666667,16.0,646.0,43.06666666666667,177.0,161.0,0.0,2978.0,15.0,13.0,4.0,1,1,488.5,490.8,-0.47,672.6,641.8,4.8,4.4,29.1,14.5,66.0,1180.0,1227.7,-3.89,0.984
Kandhamal,Odisha,High,48.13,0.541719782,0.573783436,0.032063654,32.0,821.0,25.65625,365.0,2897.0,90.53125,1025.0,0.0,2.0,56665.0,28.0,8.0,8.0,1,0,,,,,,,,,,,,,,
Kangpokpi,Manipur,Moderate,17.23,0.534498836,0.701396511,0.166897675,4.0,28.0,7.0,17.0,0.0,0.0,0.0,0.0,0.0,0.0,3.0,1.0,0.0,1,0,,,,,,,,,,,,,,
Kangra,Himachal Pradesh,High,48.62,0.077501311,1.044453548,0.966952237,101.0,409.0,4.0495049504950495,99.0,846.0,8.376237623762377,151.0,114.0,5.0,18835.0,92.0,90.0,37.0,1,0,,,,,,,,,,,,,,
Kannauj,Uttar Pradesh,High,53.2,3.608993578,3.637205694,0.028212116,33.0,687.0,20.818181818181817,365.0,3294.0,99.81818181818181,1025.0,30.0,0.0,3949.0,30.0,20.0,12.0,1,0,,,,,,,,,,,,,,
Kanniyakumari,Tamil Nadu,Moderate,21.39,0.001570499,0.216023548,0.214453049,4.0,9.0,2.25,4.0,110.0,27.5,50.0,0.0,0.0,1210.0,4.0,4.0,4.0,1,1,399.4,477.4,-16.34,611.2,496.4,23.13,16.6,40.4,290.2,288.3,1317.4,1302.5,1.14,0.7671
Kannur,Kerala,High,52.96,2.357507247,3.447996641,1.090489394,91.0,469.0,5.153846153846154,34.0,1206.0,13.252747252747254,339.0,424.0,49.0,847209.0,81.0,79.0,42.0,1,0,,,,,,,,,,,,,,
Kanpur Dehat,Uttar Pradesh,High,55.61,3.087286072,3.309974643,0.222688571,52.0,819.0,15.75,365.0,5281.0,101.5576923076923,1313.0,39.0,0.0,9662.0,45.0,33.0,21.0,1,0,,,,,,,,,,,,,,
Kanpur Nagar,Uttar Pradesh,High,58.06,4.873739494,5.234616541,0.360877047,46.0,813.0,17.67391304347826,365.0,5246.0,114.04347826086956,1313.0,59.0,0.0,9703.0,41.0,27.0,12.0,1,0,,,,,,,,,,,,,,
Kapurthala,Punjab,High,48.98,3.373204673,3.634049856,0.260845183,40.0,247.0,6.175,38.0,1010.0,25.25,320.0,11.0,0.0,6751.0,34.0,25.0,10.0,1,0,,,,,,,,,,,,,,
Karaikal,Puducherry,Moderate,15.73,0.179114825,1.148059852,1.327174677,2.0,10.0,5.0,7.0,10.0,5.0,10.0,0.0,0.0,0.0,1.0,1.0,1.0,1,0,,,,,,,,,,,,,,
Karauli,Rajasthan,High,38.51,0.435501401,0.633480722,0.197979321,13.0,455.0,35.0,365.0,274.0,21.076923076923077,90.0,3.0,0.0,0.0,12.0,6.0,2.0,1,0,,,,,,,,,,,,,,
Karbi Anglong,Assam,High,53.72,1.843256596,1.843407844,0.000151248,74.0,906.0,12.243243243243244,93.0,1972.0,26.64864864864865,268.0,60.0,1.0,9120407.0,55.0,43.0,48.0,1,0,,,,,,,,,,,,,,
Kargil,Jammu and Kashmir,Moderate,23.37,0.286339875,0.468179461,0.181839586,8.0,8.0,1.0,1.0,63.0,7.875,17.0,1.0,0.0,0.0,8.0,8.0,2.0,1,0,,,,,,,,,,,,,,
Karimganj,Assam,Very High,91.2,22.52672148,22.54591712,0.019195636,107.0,1131.0,10.570093457943925,93.0,2209.0,20.64485981308411,268.0,67.0,0.0,3585768.0,85.0,56.0,58.0,1,0,,,,,,,,,,,,,,
Karimnagar,Telangana,High,41.51,0.012822066,1.016544336,1.029366402,29.0,211.0,7.275862068965517,38.0,1057.0,36.44827586206897,262.0,15.0,0.0,38423.0,27.0,22.0,19.0,1,0,,,,,,,,,,,,,,
Karnal,Haryana,High,42.68,3.348768976,3.351988487,0.003219511,24.0,152.0,6.333333333333333,30.0,200.0,8.333333333333334,64.0,22.0,0.0,300.0,23.0,14.0,3.0,1,0,,,,,,,,,,,,,,
Karur,Tamil Nadu,High,37.98,1.722278531,1.785192578,0.062914047,13.0,90.0,6.923076923076923,16.0,702.0,54.0,177.0,156.0,0.0,3948.0,12.0,10.0,5.0,1,1,336.1,213.6,57.35,234.3,314.7,-25.55,15.7,17.5,141.2,109.2,727.3,655.0,11.04,0.7843
Kasaragod,Kerala,High,50.87,2.303776192,3.02140911,0.717632918,67.0,397.0,5.925373134328358,34.0,1086.0,16.208955223880597,339.0,327.0,49.0,847210.0,57.0,61.0,25.0,1,0,,,,,,,,,,,,,,
Kasganj,Uttar Pradesh,Very High,65.84,11.48765717,11.5492555,0.061598326,27.0,696.0,25.77777777777778,365.0,3601.0,133.37037037037038,1025.0,43.0,0.0,3952.0,25.0,13.0,5.0,1,0,,,,,,,,,,,,,,
Kathua,Jammu and Kashmir,High,40.41,0.045617922,1.038752523,0.993134601,29.0,126.0,4.344827586206897,22.0,1190.0,41.03448275862069,350.0,45.0,0.0,11221.0,25.0,17.0,13.0,1,0,,,,,,,,,,,,,,
Katihar,Bihar,Very High,71.92,11.4120932,13.34677951,1.934686307,65.0,1274.0,19.6,365.0,5370.0,82.61538461538461,1025.0,10.0,0.0,7021.0,61.0,22.0,13.0,1,0,,,,,,,,,,,,,,
Katni,Madhya Pradesh,Moderate,33.54,0.530371053,1.074565636,0.544194583,12.0,79.0,6.583333333333333,14.0,247.0,20.583333333333332,90.0,0.0,0.0,40000.0,11.0,6.0,1.0,1,0,,,,,,,,,,,,,,
Kaushambi,Uttar Pradesh,High,55.75,5.222408303,5.838259619,0.615851316,32.0,685.0,21.40625,365.0,3211.0,100.34375,1025.0,1.0,0.0,3945.0,27.0,18.0,10.0,1,0,,,,,,,,,,,,,,
Kendrapara,Odisha,Very High,77.14,18.30023894,23.2512603,4.951021358,31.0,740.0,23.870967741935484,365.0,1972.0,63.61290322580645,1025.0,0.0,0.0,56160.0,28.0,10.0,7.0,1,0,,,,,,,,,,,,,,
Kendujhar,Odisha,High,48.81,1.121189194,1.491690841,0.370501647,37.0,758.0,20.486486486486488,365.0,1868.0,50.486486486486484,1025.0,3.0,0.0,56508.0,33.0,10.0,10.0,1,0,,,,,,,,,,,,,,
Khagaria,Bihar,Very High,71.1,11.60726948,12.48011269,0.872843213,53.0,1207.0,22.77358490566038,365.0,5108.0,96.37735849056604,1025.0,100.0,0.0,3582.0,50.0,17.0,9.0,1,0,,,,,,,,,,,,,,
Khammam,Andhra Pradesh,High,44.74,0.101414173,0.560077929,0.458663756,42.0,299.0,7.119047619047619,38.0,1429.0,34.023809523809526,262.0,4.0,1.0,32073.0,39.0,28.0,14.0,1,0,,,,,,,,,,,,,,
Kheda,Gujarat,High,48.18,2.845630539,2.857113599,0.01148306,26.0,399.0,15.346153846153847,122.0,1572.0,60.46153846153846,288.0,41.0,0.0,18906.0,25.0,14.0,8.0,1,0,,,,,,,,,,,,,,
Kheri,Uttar Pradesh,Very High,62.99,6.940149845,7.086100462,0.145950617,58.0,921.0,15.879310344827585,365.0,5423.0,93.5,1313.0,26.0,0.0,9980.0,51.0,32.0,19.0,1,0,,,,,,,,,,,,,,
Khordha,Odisha,High,49.45,2.152536584,3.367308168,1.214771584,29.0,723.0,24.93103448275862,365.0,1982.0,68.34482758620689,1025.0,0.0,0.0,56198.0,26.0,9.0,9.0,1,0,,,,,,,,,,,,,,
Khowai,Tripura,Moderate,34.81,0.889218209,0.889218209,0.0,20.0,88.0,4.4,21.0,83.0,4.15,34.0,10.0,0.0,0.0,16.0,14.0,4.0,1,0,,,,,,,,,,,,,,
Khunti,Jharkhand,Moderate,21.73,0.735774946,0.760830841,0.025055895,5.0,12.0,2.4,4.0,25.0,5.0,15.0,7.0,0.0,5.0,5.0,5.0,3.0,1,0,,,,,,,,,,,,,,
Kinnaur,Himachal Pradesh,High,46.36,0.539592883,0.710681995,0.171089112,59.0,306.0,5.186440677966102,99.0,935.0,15.847457627118644,151.0,104.0,0.0,18064.0,55.0,47.0,12.0,1,0,,,,,,,,,,,,,,
Kiphire,Nagaland,Moderate,20.99,1.066560501,1.066560501,0.0,2.0,38.0,19.0,31.0,13.0,6.5,12.0,0.0,0.0,0.0,1.0,1.0,1.0,1,0,,,,,,,,,,,,,,
Kishanganj,Bihar,Very High,65.48,9.14902795,9.339752372,0.190724422,44.0,987.0,22.431818181818183,365.0,4856.0,110.36363636363636,1025.0,0.0,0.0,755.0,40.0,19.0,12.0,1,0,,,,,,,,,,,,,,
Kishtwar,Jammu and Kashmir,High,39.34,0.281956344,0.405119324,0.12316298,24.0,117.0,4.875,22.0,917.0,38.208333333333336,350.0,54.0,19.0,11185.0,16.0,9.0,11.0,1,0,,,,,,,,,,,,,,
Kodagu,Karnataka,High,47.17,0.6410376,0.795547476,0.154509876,61.0,393.0,6.442622950819672,31.0,841.0,13.78688524590164,198.0,110.0,53.0,12611.0,49.0,54.0,31.0,1,0,,,,,,,,,,,,,,
Kodarma,Unknown,Low,0.0,0.001585894,0.4952359,0.493650006,0.0,0.0,0.0,0.0,0.0,0.0,0.0,0.0,0.0,0.0,0.0,0.0,0.0,0,0,,,,,,,,,,,,,,
Kohima,Nagaland,Moderate,26.82,0.321623488,0.321623488,0.0,10.0,56.0,5.6,31.0,14.0,1.4,12.0,0.0,0.0,0.0,7.0,8.0,4.0,1,0,,,,,,,,,,,,,,
Kokrajhar,Assam,High,55.14,2.517160431,2.564133007,0.046972576,74.0,968.0,13.08108108108108,93.0,2096.0,28.324324324324323,268.0,49.0,1.0,9729033.0,62.0,36.0,47.0,1,0,,,,,,,,,,,,,,
Kolar,Karnataka,High,41.35,0.151892948,0.261632224,0.109739276,28.0,226.0,8.071428571428571,31.0,819.0,29.25,198.0,115.0,0.0,12247.0,23.0,22.0,7.0,1,0,,,,,,,,,,,,,,
Kolasib,Mizoram,Moderate,26.88,1.584069279,1.964392845,0.380323566,6.0,23.0,3.8333333333333335,17.0,58.0,9.666666666666666,25.0,0.0,0.0,0.0,3.0,4.0,0.0,1,0,,,,,,,,,,,,,,
Kolhapur,Maharashtra,High,46.87,0.792546096,1.531674907,0.739128811,54.0,195.0,3.611111111111111,14.0,2534.0,46.925925925925924,917.0,136.0,12.0,41611.0,46.0,44.0,22.0,1,0,,,,,,,,,,,,,,
Kolkata,West Bengal,High,50.12,1.85061619,12.06523072,10.21461453,73.0,249.0,3.410958904109589,61.0,1827.0,25.027397260273972,1258.0,105.0,0.0,3065.0,67.0,69.0,7.0,1,0,,,,,,,,,,,,,,
Kollam,Kerala,High,49.47,0.007181482,2.689873614,2.697055096,95.0,498.0,5.242105263157895,34.0,1304.0,13.726315789473684,339.0,368.0,12.0,847210.0,80.0,86.0,30.0,1,0,,,,,,,,,,,,,,
Kondagaon,Unknown,Low,1.83,1.078482579,1.123981488,0.045498909,0.0,0.0,0.0,0.0,0.0,0.0,0.0,0.0,0.0,0.0,0.0,0.0,0.0,0,0,,,,,,,,,,,,,,
Koppal,Karnataka,High,42.69,0.500672586,1.056602421,0.555929835,25.0,282.0,11.28,31.0,1224.0,48.96,308.0,54.0,0.0,9215.0,19.0,20.0,12.0,1,0,,,,,,,,,,,,,,
Koraput,Odisha,High,49.11,0.185330259,1.383903026,1.198572767,45.0,800.0,17.77777777777778,365.0,3122.0,69.37777777777778,1025.0,8.0,2.0,57327.0,41.0,17.0,13.0,1,0,,,,,,,,,,,,,,
Korba,Chhattisgarh,Low,14.9,0.310367455,1.961395836,1.651028381,3.0,5.0,1.6666666666666667,3.0,6.0,2.0,6.0,2.0,0.0,0.0,3.0,3.0,3.0,1,0,,,,,,,,,,,,,,
Koriya,Unknown,Low,0.81,0.478767784,0.581343442,0.102575658,0.0,0.0,0.0,0.0,0.0,0.0,0.0,0.0,0.0,0.0,0.0,0.0,0.0,0,0,,,,,,,,,,,,,,
Kota,Rajasthan,High,51.77,2.379646678,2.883610805,0.503964127,51.0,622.0,12.196078431372548,365.0,1772.0,34.745098039215684,581.0,1065.0,1.0,284061.0,50.0,36.0,11.0,1,0,,,,,,,,,,,,,,
Kottayam,Kerala,High,52.47,1.520735488,3.699266664,2.178531176,102.0,518.0,5.078431372549019,34.0,1318.0,12.92156862745098,339.0,486.0,25.0,847210.0,88.0,91.0,42.0,1,0,,,,,,,,,,,,,,
Kozhikode,Kerala,High,51.73,0.801183224,1.40055533,0.599372106,113.0,514.0,4.548672566371682,34.0,1340.0,11.858407079646017,339.0,406.0,49.0,854210.0,91.0,105.0,39.0,1,0,,,,,,,,,,,,,,
Kra Daadi,Arunachal Pradesh,High,39.52,1.837849659,1.846265574,0.008415915,22.0,103.0,4.681818181818182,17.0,325.0,14.772727272727273,268.0,32.0,2.0,16.0,19.0,14.0,9.0,1,0,,,,,,,,,,,,,,
Krishna,Andhra Pradesh,High,45.92,0.709710375,4.604283716,3.894573341,38.0,316.0,8.31578947368421,38.0,1869.0,49.18421052631579,338.0,9.0,0.0,100249.0,36.0,27.0,10.0,1,0,,,,,,,,,,,,,,
Krishnagiri,Tamil Nadu,High,38.63,0.86428335,1.019903242,0.155619892,18.0,113.0,6.277777777777778,16.0,747.0,41.5,177.0,156.0,0.0,9188.0,16.0,16.0,11.0,1,1,525.1,399.0,31.6,329.7,289.4,13.93,1.3,10.7,163.8,151.6,1019.9,850.7,19.89,0.8381
Kulgam,Jammu and Kashmir,High,37.51,0.022991182,0.367091191,0.344100009,17.0,110.0,6.470588235294118,22.0,1083.0,63.705882352941174,350.0,68.0,0.0,13685.0,12.0,6.0,4.0,1,0,,,,,,,,,,,,,,
Kullu,Himachal Pradesh,High,48.57,0.216410933,0.26843604,0.052025107,96.0,369.0,3.84375,99.0,965.0,10.052083333333334,151.0,283.0,9.0,18100.0,89.0,82.0,36.0,1,0,,,,,,,,,,,,,,
Kumuram Bheem Asifabad,Telangana,Moderate,25.91,1.134922452,1.762360552,0.6274381,5.0,32.0,6.4,21.0,47.0,9.4,44.0,0.0,0.0,300.0,5.0,3.0,3.0,1,0,,,,,,,,,,,,,,
Kupwara,Jammu and Kashmir,High,39.52,0.51995716,0.534056594,0.014099434,23.0,117.0,5.086956521739131,22.0,896.0,38.95652173913044,350.0,8.0,0.0,11185.0,19.0,13.0,8.0,1,0,,,,,,,,,,,,,,
Kurnool,Andhra Pradesh,High,43.43,0.289107666,0.793739864,0.504632198,34.0,239.0,7.029411764705882,31.0,1354.0,39.8235294117647,338.0,435.0,0.0,95804.0,32.0,23.0,8.0,1,0,,,,,,,,,,,,,,
Kurukshetra,Haryana,High,45.09,5.501219071,5.505038063,0.003818992,21.0,138.0,6.571428571428571,30.0,158.0,7.523809523809524,64.0,8.0,0.0,0.0,19.0,12.0,2.0,1,0,,,,,,,,,,,,,,
Kurung Kumey,Arunachal Pradesh,High,38.14,0.555974167,0.581168345,0.025194178,25.0,110.0,4.4,17.0,335.0,13.4,268.0,33.0,3.0,16.0,17.0,17.0,12.0,1,0,,,,,,,,,,,,,,
Kushinagar,Uttar Pradesh,High,53.55,4.208451529,4.446808531,0.238357002,28.0,704.0,25.142857142857142,365.0,3289.0,117.46428571428571,1025.0,0.0,0.0,4032.0,26.0,14.0,6.0,1,0,,,,,,,,,,,,,,
Lahul and Spiti,Himachal Pradesh,High,42.6,0.011872748,0.310107104,0.321979852,41.0,247.0,6.024390243902439,99.0,627.0,15.292682926829269,151.0,16.0,7.0,18119.0,39.0,35.0,10.0,1,0,,,,,,,,,,,,,,
Lakhimpur,Assam,Very High,82.65,14.44869666,15.4979388,1.049242136,218.0,1867.0,8.564220183486238,93.0,3090.0,14.174311926605505,268.0,245.0,0.0,10938155.0,185.0,106.0,128.0,1,0,,,,,,,,,,,,,,
Lakhisarai,Bihar,Very High,69.12,12.08953008,12.2823616,0.192831525,36.0,915.0,25.416666666666668,365.0,4198.0,116.61111111111111,1025.0,0.0,0.0,755.0,33.0,13.0,7.0,1,0,,,,,,,,,,,,,,
Lakshadweep,Unknown,Low,6.77,4.0,17.42627711,13.42627711,0.0,0.0,0.0,0.0,0.0,0.0,0.0,0.0,0.0,0.0,0.0,0.0,0.0,0,0,,,,,,,,,,,,,,
Lalitpur,Uttar Pradesh,High,46.15,0.008823081,1.497263878,1.506086959,27.0,685.0,25.37037037037037,365.0,3177.0,117.66666666666667,1025.0,23.0,0.0,3964.0,24.0,13.0,5.0,1,0,,,,,,,,,,,,,,
Latehar,Jharkhand,Low,14.29,0.545231273,0.573164859,0.027933586,2.0,3.0,1.5,2.0,15.0,7.5,15.0,0.0,0.0,0.0,2.0,2.0,0.0,1,0,,,,,,,,,,,,,,
Latur,Maharashtra,High,42.62,0.209045748,0.559348532,0.350302784,44.0,170.0,3.8636363636363638,14.0,777.0,17.65909090909091,149.0,73.0,0.0,2344.0,37.0,33.0,20.0,1,0,,,,,,,,,,,,,,
Lawngtlai,Mizoram,Moderate,29.78,2.792338513,2.814060532,0.021722019,7.0,24.0,3.4285714285714284,17.0,63.0,9.0,25.0,2.0,0.0,0.0,3.0,5.0,0.0,1,0,,,,,,,,,,,,,,
Leh,Unknown,Low,0.03,0.018275039,0.46868104,0.486956079,0.0,0.0,0.0,0.0,0.0,0.0,0.0,0.0,0.0,0.0,0.0,0.0,0.0,0,0,,,,,,,,,,,,,,
Lepa Rada,Arunachal Pradesh,High,35.22,0.870628148,0.870628148,0.0,15.0,73.0,4.866666666666666,17.0,307.0,20.466666666666665,268.0,31.0,0.0,16.0,12.0,9.0,2.0,1,0,,,,,,,,,,,,,,
Lohardaga,Jharkhand,Moderate,22.92,0.791528779,0.868753763,0.077224984,5.0,12.0,2.4,4.0,49.0,9.8,17.0,0.0,0.0,0.0,5.0,4.0,2.0,1,0,,,,,,,,,,,,,,
Lohit,Arunachal Pradesh,High,44.82,2.147551477,2.719050727,0.57149925,38.0,240.0,6.315789473684211,62.0,348.0,9.157894736842104,268.0,31.0,2.0,122.0,28.0,26.0,10.0,1,0,,,,,,,,,,,,,,
Longding,Arunachal Pradesh,High,36.87,0.638916752,0.638916752,0.0,20.0,96.0,4.8,17.0,322.0,16.1,268.0,31.0,2.0,16.0,17.0,15.0,7.0,1,0,,,,,,,,,,,,,,
Longleng,Nagaland,Low,14.67,2.837540944,2.847941427,0.010400483,1.0,7.0,7.0,7.0,1.0,1.0,1.0,0.0,0.0,0.0,1.0,0.0,0.0,1,0,,,,,,,,,,,,,,
Lower Dibang Valley,Arunachal Pradesh,High,38.97,1.397900013,1.560368914,0.162468901,23.0,101.0,4.391304347826087,17.0,334.0,14.521739130434783,268.0,31.0,2.0,48.0,18.0,17.0,10.0,1,0,,,,,,,,,,,,,,
Lower Siang,Arunachal Pradesh,High,38.47,2.171988688,2.214148435,0.042159747,17.0,86.0,5.0588235294117645,17.0,322.0,18.941176470588236,268.0,31.0,2.0,16.0,14.0,12.0,4.0,1,0,,,,,,,,,,,,,,
Lower Subansiri,Arunachal Pradesh,Low,12.52,0.829376579,0.836132857,0.006756278,1.0,1.0,1.0,1.0,37.0,37.0,37.0,0.0,0.0,0.0,1.0,1.0,0.0,1,0,,,,,,,,,,,,,,
Lucknow,Uttar Pradesh,High,54.01,1.989261918,1.996226278,0.00696436,52.0,887.0,17.057692307692307,365.0,5431.0,104.4423076923077,1313.0,30.0,0.0,9731.0,44.0,28.0,14.0,1,0,,,,,,,,,,,,,,
Ludhiana,Punjab,High,51.11,4.779332462,4.786805709,0.007473247,38.0,256.0,6.7368421052631575,38.0,941.0,24.763157894736842,320.0,12.0,0.0,6751.0,30.0,25.0,8.0,1,0,,,,,,,,,,,,,,
Lunglei,Mizoram,Moderate,30.58,2.66098121,2.6734292,0.01244799,8.0,29.0,3.625,17.0,63.0,7.875,25.0,0.0,0.0,0.0,5.0,6.0,1.0,1,0,,,,,,,,,,,,,,
Madhepura,Bihar,High,56.97,3.907767989,3.91579591,0.008027921,45.0,1083.0,24.066666666666666,365.0,4915.0,109.22222222222223,1025.0,0.0,0.0,2771.0,42.0,17.0,10.0,1,0,,,,,,,,,,,,,,
Madhubani,Bihar,High,59.1,3.746869093,3.784620529,0.037751436,67.0,1277.0,19.059701492537314,365.0,5430.0,81.04477611940298,1025.0,104.0,0.0,1005.0,63.0,24.0,15.0,1,0,,,,,,,,,,,,,,
Madurai,Tamil Nadu,High,40.3,1.012920862,1.022103303,0.009182441,21.0,143.0,6.809523809523809,16.0,807.0,38.42857142857143,177.0,208.0,0.0,4096.0,18.0,16.0,7.0,1,1,407.4,335.9,21.29,286.5,419.1,-31.64,6.5,28.1,175.5,144.8,875.9,927.9,-5.6,0.7922
Mahabubabad,Telangana,Moderate,26.11,0.247662044,0.514342184,0.26668014,6.0,47.0,7.833333333333333,21.0,47.0,7.833333333333333,44.0,0.0,0.0,300.0,6.0,4.0,4.0,1,0,,,,,,,,,,,,,,
Mahabubnagar,Andhra Pradesh,High,37.89,0.416806629,0.520380467,0.103573838,22.0,120.0,5.454545454545454,38.0,407.0,18.5,109.0,6.0,0.0,6531.0,21.0,18.0,11.0,1,0,,,,,,,,,,,,,,
Mahasamund,Chhattisgarh,Moderate,21.22,0.627540566,0.960933082,0.333392516,4.0,17.0,4.25,6.0,20.0,5.0,6.0,115.0,0.0,0.0,4.0,4.0,4.0,1,0,,,,,,,,,,,,,,
Mahe,Puducherry,Low,9.12,0.243893199,1.6545,1.410606801,1.0,7.0,7.0,7.0,0.0,0.0,0.0,0.0,0.0,0.0,1.0,0.0,0.0,1,0,,,,,,,,,,,,,,
Mahendragarh,Haryana,Moderate,30.64,0.561660955,0.562223928,0.000562973,11.0,78.0,7.090909090909091,30.0,53.0,4.818181818181818,51.0,8.0,0.0,0.0,10.0,7.0,0.0,1,0,,,,,,,,,,,,,,
Mahesana,Gujarat,High,44.23,0.691706976,0.776246826,0.08453985,21.0,551.0,26.238095238095237,122.0,1382.0,65.80952380952381,288.0,43.0,0.0,17890.0,20.0,11.0,7.0,1,0,,,,,,,,,,,,,,
Mahisagar,Gujarat,High,40.82,0.698306974,2.501932587,1.803625613,14.0,346.0,24.714285714285715,122.0,1068.0,76.28571428571429,288.0,36.0,2.0,17656.0,13.0,7.0,6.0,1,0,,,,,,,,,,,,,,
Mahoba,Uttar Pradesh,High,46.34,0.238187011,0.539052412,0.300865401,26.0,679.0,26.115384615384617,365.0,3170.0,121.92307692307692,1025.0,10.0,0.0,3956.0,24.0,13.0,5.0,1,0,,,,,,,,,,,,,,
Mahrajganj,Uttar Pradesh,High,51.59,3.253620339,3.336576576,0.082956237,26.0,701.0,26.96153846153846,365.0,3280.0,126.15384615384616,1025.0,0.0,0.0,4032.0,23.0,12.0,4.0,1,0,,,,,,,,,,,,,,
Mainpuri,Uttar Pradesh,High,53.69,3.043030701,3.043030701,0.0,34.0,815.0,23.970588235294116,365.0,5496.0,161.64705882352942,1313.0,23.0,0.0,10159.0,31.0,16.0,7.0,1,0,,,,,,,,,,,,,,
Majuli,Assam,Very High,64.22,8.241462489,13.12975694,4.888294451,75.0,817.0,10.893333333333333,93.0,1834.0,24.453333333333333,268.0,49.0,0.0,10138015.0,60.0,53.0,56.0,1,0,,,,,,,,,,,,,,
Malappuram,Kerala,High,52.52,1.678503228,1.938819937,0.260316709,97.0,522.0,5.381443298969073,34.0,1309.0,13.494845360824742,339.0,437.0,40.0,847210.0,84.0,85.0,43.0,1,0,,,,,,,,,,,,,,
Maldah,West Bengal,High,58.75,9.357035639,11.77624381,2.419208171,17.0,635.0,37.35294117647059,365.0,1749.0,102.88235294117646,1025.0,0.0,0.0,104.0,15.0,3.0,2.0,1,0,,,,,,,,,,,,,,
Malkangiri,Odisha,High,44.47,0.073061589,1.711137196,1.784198785,23.0,674.0,29.304347826086957,365.0,1710.0,74.34782608695652,1025.0,0.0,0.0,57327.0,20.0,6.0,7.0,1,0,,,,,,,,,,,,,,
Mamit,Mizoram,Moderate,27.26,1.381857077,1.381857077,0.0,7.0,24.0,3.4285714285714284,17.0,58.0,8.285714285714286,25.0,0.0,0.0,0.0,3.0,5.0,1.0,1,0,,,,,,,,,,,,,,
Mancherial,Telangana,Moderate,24.12,1.336662971,2.37206874,1.035405769,3.0,30.0,10.0,21.0,44.0,14.666666666666666,44.0,0.0,0.0,300.0,3.0,1.0,1.0,1,0,,,,,,,,,,,,,,
Mandi,Himachal Pradesh,High,48.89,0.736416396,0.910437082,0.174020686,89.0,379.0,4.258426966292135,99.0,812.0,9.123595505617978,151.0,62.0,4.0,18325.0,82.0,77.0,44.0,1,0,,,,,,,,,,,,,,
Mandla,Madhya Pradesh,High,35.42,0.665550482,1.57739714,0.911846658,15.0,110.0,7.333333333333333,14.0,223.0,14.866666666666667,90.0,0.0,0.0,2000.0,14.0,8.0,2.0,1,0,,,,,,,,,,,,,,
Mandsaur,Madhya Pradesh,High,36.09,0.035767514,1.435703116,1.47147063,19.0,98.0,5.157894736842105,14.0,410.0,21.57894736842105,158.0,3.0,0.0,2000.0,17.0,14.0,3.0,1,0,,,,,,,,,,,,,,
Mandya,Karnataka,High,44.32,1.416125561,2.146957544,0.730831983,30.0,288.0,9.6,31.0,763.0,25.433333333333334,198.0,43.0,0.0,13390.0,23.0,23.0,11.0,1,0,,,,,,,,,,,,,,
Mansa,Punjab,High,44.76,2.759157184,2.763547618,0.004390434,29.0,154.0,5.310344827586207,26.0,752.0,25.93103448275862,320.0,6.0,0.0,6293.0,23.0,20.0,6.0,1,0,,,,,,,,,,,,,,
Mathura,Uttar Pradesh,High,56.9,4.807455013,4.807455013,0.0,36.0,820.0,22.77777777777778,365.0,5356.0,148.77777777777777,1313.0,47.0,0.0,10173.0,34.0,18.0,9.0,1,0,,,,,,,,,,,,,,
Mau,Uttar Pradesh,High,54.3,4.546093825,4.820667589,0.274573764,29.0,696.0,24.0,365.0,3387.0,116.79310344827586,1025.0,0.0,0.0,4033.0,27.0,14.0,6.0,1,0,,,,,,,,,,,,,,
Mayurbhanj,Odisha,High,47.75,1.104038704,1.289395367,0.185356663,31.0,716.0,23.096774193548388,365.0,1768.0,57.03225806451613,1025.0,2.0,0.0,56049.0,27.0,9.0,7.0,1,0,,,,,,,,,,,,,,
Medak,Telangana,High,39.89,0.908345993,1.038975884,0.130629891,19.0,265.0,13.947368421052632,107.0,343.0,18.05263157894737,68.0,12.0,0.0,7379.0,16.0,13.0,11.0,1,0,,,,,,,,,,,,,,
Medchal Malkajgiri,Telangana,Moderate,26.34,0.230626522,0.338814937,0.108188415,4.0,61.0,15.25,30.0,93.0,23.25,49.0,9.0,0.0,7033.0,4.0,2.0,2.0,1,0,,,,,,,,,,,,,,
Medinipur West,Unknown,Low,13.23,7.812547948,7.838525951,0.025978003,0.0,0.0,0.0,0.0,0.0,0.0,0.0,0.0,0.0,0.0,0.0,0.0,0.0,0,0,,,,,,,,,,,,,,
Meerut,Uttar Pradesh,High,54.49,3.276470073,3.284379909,0.007909836,38.0,797.0,20.973684210526315,365.0,5379.0,141.55263157894737,1025.0,55.0,0.0,8215.0,36.0,17.0,6.0,1,0,,,,,,,,,,,,,,
Mirpur,Jammu and Kashmir,High,36.3,0.33730821,2.033481738,1.696173528,13.0,100.0,7.6923076923076925,22.0,883.0,67.92307692307692,350.0,5.0,0.0,11185.0,10.0,3.0,0.0,1,0,,,,,,,,,,,,,,
Mirzapur,Uttar Pradesh,High,55.13,2.685205968,4.158753681,1.473547713,47.0,964.0,20.51063829787234,365.0,6029.0,128.27659574468086,1313.0,0.0,0.0,10150.0,44.0,23.0,13.0,1,0,,,,,,,,,,,,,,
Moga,Punjab,High,44.03,2.73145838,2.73145838,0.0,28.0,176.0,6.285714285714286,30.0,443.0,15.821428571428571,268.0,12.0,0.0,14.0,21.0,20.0,8.0,1,0,,,,,,,,,,,,,,
Mokokchung,Nagaland,Low,11.9,1.200974196,1.200974196,0.0,1.0,7.0,7.0,7.0,1.0,1.0,1.0,0.0,0.0,0.0,1.0,0.0,0.0,1,0,,,,,,,,,,,,,,
Mon,Nagaland,Low,14.51,2.741637225,2.746283665,0.00464644,1.0,7.0,7.0,7.0,1.0,1.0,1.0,0.0,0.0,0.0,1.0,0.0,0.0,1,0,,,,,,,,,,,,,,
Moradabad,Uttar Pradesh,High,55.48,3.838687956,3.838687956,0.0,37.0,799.0,21.594594594594593,365.0,5906.0,159.6216216216216,1313.0,7.0,0.0,10046.0,36.0,15.0,4.0,1,0,,,,,,,,,,,,,,
Morbi,Gujarat,High,43.86,0.192014618,0.897578925,1.089593543,25.0,525.0,21.0,122.0,1252.0,50.08,288.0,47.0,0.0,26929.0,24.0,16.0,10.0,1,0,,,,,,,,,,,,,,
Morena,Madhya Pradesh,High,39.64,2.658013204,3.024035354,0.36602215,18.0,95.0,5.277777777777778,14.0,292.0,16.22222222222222,90.0,0.0,0.0,2045.0,17.0,10.0,4.0,1,0,,,,,,,,,,,,,,
Morigaon,Unknown,Moderate,22.84,13.48924998,15.71118817,2.221938191,0.0,0.0,0.0,0.0,0.0,0.0,0.0,0.0,0.0,0.0,0.0,0.0,0.0,0,0,,,,,,,,,,,,,,
Mulugu,Telangana,Moderate,28.78,2.25270259,2.920152054,0.667449464,5.0,40.0,8.0,21.0,60.0,12.0,44.0,0.0,0.0,300.0,4.0,3.0,3.0,1,0,,,,,,,,,,,,,,
Mumbai,Unknown,High,55.19,0.001000003,0.013175876,0.012175873,201.0,604.0,3.0049751243781095,79.0,3835.0,19.079601990049753,917.0,936.0,0.0,21667.0,193.0,189.0,62.0,1,0,,,,,,,,,,,,,,
Mumbai Suburban,Maharashtra,High,55.19,0.000997242,0.915654785,0.914657543,201.0,604.0,3.0049751243781095,79.0,3835.0,19.079601990049753,917.0,936.0,0.0,21667.0,193.0,189.0,62.0,1,0,,,,,,,,,,,,,,
Mungeli,Chhattisgarh,Moderate,15.9,1.835241434,2.354397777,0.519156343,2.0,4.0,2.0,3.0,7.0,3.5,6.0,4.0,0.0,0.0,2.0,2.0,2.0,1,0,,,,,,,,,,,,,,
Munger,Bihar,Very High,74.0,13.73832054,15.77841256,2.040092021,51.0,1086.0,21.294117647058822,365.0,4388.0,86.03921568627452,1025.0,12.0,0.0,7159.0,49.0,15.0,7.0,1,0,,,,,,,,,,,,,,
Murshidabad,West Bengal,Very High,67.27,10.40453429,11.63868869,1.234154397,45.0,980.0,21.77777777777778,365.0,3781.0,84.02222222222223,1258.0,25.0,0.0,5127.0,43.0,15.0,3.0,1,0,,,,,,,,,,,,,,
Muzaffarabad,Jammu and Kashmir,High,36.45,0.429807163,0.705240174,0.275433011,13.0,100.0,7.6923076923076925,22.0,883.0,67.92307692307692,350.0,5.0,0.0,11185.0,10.0,3.0,0.0,1,0,,,,,,,,,,,,,,
Muzaffarnagar,Uttar Pradesh,High,52.2,1.48110915,1.484914141,0.003804991,42.0,873.0,20.785714285714285,365.0,5596.0,133.23809523809524,1313.0,59.0,0.0,13053.0,41.0,21.0,9.0,1,0,,,,,,,,,,,,,,
Muzaffarpur,Bihar,Very High,72.18,11.7588689,11.95012947,0.19126057,63.0,1215.0,19.285714285714285,365.0,5188.0,82.34920634920636,1025.0,118.0,0.0,1040.0,60.0,22.0,12.0,1,0,,,,,,,,,,,,,,
Mysuru,Karnataka,High,46.0,0.377930553,1.66900183,1.291071277,51.0,397.0,7.784313725490196,31.0,866.0,16.980392156862745,198.0,59.0,50.0,14404.0,35.0,43.0,19.0,1,0,,,,,,,,,,,,,,
Nabarangapur,Unknown,Low,0.74,0.435588956,0.945022433,0.509433477,0.0,0.0,0.0,0.0,0.0,0.0,0.0,0.0,0.0,0.0,0.0,0.0,0.0,0,0,,,,,,,,,,,,,,
Nadia,West Bengal,Very High,65.26,9.926747682,10.67147424,0.744726558,37.0,900.0,24.324324324324323,365.0,3569.0,96.45945945945945,1258.0,17.0,0.0,3849.0,35.0,14.0,4.0,1,0,,,,,,,,,,,,,,
Nagaon,Assam,Very High,79.0,13.41948919,13.62634202,0.20685283,178.0,1481.0,8.320224719101123,93.0,2481.0,13.938202247191011,268.0,66.0,3.0,10763912.0,136.0,109.0,123.0,1,0,,,,,,,,,,,,,,
Nagapattinam,Tamil Nadu,High,54.57,8.469795512,12.49792911,4.028133598,27.0,165.0,6.111111111111111,23.0,884.0,32.74074074074074,177.0,157.0,0.0,3170.0,26.0,22.0,5.0,1,1,299.0,286.1,4.51,1132.3,941.0,20.33,78.8,85.7,19.7,80.5,1529.8,1393.3,9.8,0.9356
Nagarkurnool,Telangana,Moderate,24.03,1.284959401,2.158570923,0.873611522,3.0,30.0,10.0,21.0,44.0,14.666666666666666,44.0,0.0,0.0,300.0,3.0,1.0,1.0,1,0,,,,,,,,,,,,,,
Nagaur,Rajasthan,High,41.13,0.313542369,0.318324761,0.004782392,20.0,477.0,23.85,365.0,453.0,22.65,90.0,0.0,0.0,586.0,19.0,10.0,6.0,1,0,,,,,,,,,,,,,,
Nagpur,Maharashtra,High,57.23,0.398261272,1.535057736,1.136796464,177.0,1188.0,6.711864406779661,365.0,4219.0,23.836158192090394,1025.0,243.0,0.0,234115.0,150.0,143.0,70.0,1,0,,,,,,,,,,,,,,
Nainital,Uttarakhand,High,35.81,0.749324062,0.775389314,0.026065252,18.0,55.0,3.0555555555555554,14.0,481.0,26.72222222222222,130.0,28.0,5.0,25.0,18.0,15.0,3.0,1,0,,,,,,,,,,,,,,
Nalanda,Bihar,Very High,79.1,17.24872994,17.26579914,0.017069197,44.0,1021.0,23.204545454545453,365.0,4345.0,98.75,1025.0,4.0,0.0,755.0,40.0,14.0,8.0,1,0,,,,,,,,,,,,,,
Nalbari,Assam,Very High,66.11,6.588557735,8.823179287,2.234621552,136.0,1395.0,10.257352941176471,93.0,2577.0,18.948529411764707,268.0,49.0,0.0,10114656.0,111.0,74.0,79.0,1,0,,,,,,,,,,,,,,
Nalgonda,Andhra Pradesh,High,38.59,0.010832661,1.110181564,1.121014225,20.0,166.0,8.3,31.0,715.0,35.75,226.0,19.0,0.0,14791.0,19.0,13.0,10.0,1,0,,,,,,,,,,,,,,
Namakkal,Tamil Nadu,High,36.02,0.389540051,0.411626715,0.022086664,13.0,98.0,7.538461538461538,16.0,732.0,56.30769230769231,177.0,156.0,0.0,3998.0,12.0,11.0,4.0,1,1,379.1,339.3,11.73,256.5,291.6,-12.04,26.8,13.9,183.4,148.6,845.8,793.4,6.6,0.7515
Namsai,Arunachal Pradesh,High,41.48,3.783292115,4.082402322,0.299110207,18.0,87.0,4.833333333333333,17.0,322.0,17.88888888888889,268.0,31.0,2.0,16.0,15.0,12.0,5.0,1,0,,,,,,,,,,,,,,
Nanded,Maharashtra,High,49.03,1.150372003,1.586913636,0.436541633,66.0,244.0,3.696969696969697,21.0,2620.0,39.696969696969695,917.0,132.0,0.0,41128.0,57.0,52.0,29.0,1,0,,,,,,,,,,,,,,
Nandurbar,Maharashtra,High,37.28,0.830013135,1.936180535,1.1061674,22.0,84.0,3.8181818181818183,14.0,325.0,14.772727272727273,90.0,31.0,0.0,2110.0,21.0,19.0,9.0,1,0,,,,,,,,,,,,,,
Narayanpet,Telangana,Moderate,27.28,0.76899113,1.584991037,0.815999907,7.0,38.0,5.428571428571429,21.0,54.0,7.714285714285714,44.0,0.0,0.0,300.0,7.0,4.0,5.0,1,0,,,,,,,,,,,,,,
Narayanpur,Chhattisgarh,Moderate,15.7,0.572471381,0.591873275,0.019401894,2.0,5.0,2.5,3.0,18.0,9.0,14.0,8.0,0.0,0.0,2.0,2.0,2.0,1,0,,,,,,,,,,,,,,
Narmada,Gujarat,High,46.75,3.114996648,5.679248253,2.564251605,25.0,277.0,11.08,31.0,1010.0,40.4,202.0,11.0,2.0,1913.0,24.0,18.0,12.0,1,0,,,,,,,,,,,,,,
Narsimhapur,Madhya Pradesh,High,36.65,1.976709412,2.214872889,0.238163477,13.0,91.0,7.0,14.0,241.0,18.53846153846154,90.0,0.0,0.0,2654.0,12.0,5.0,1.0,1,0,,,,,,,,,,,,,,
Nashik,Maharashtra,High,46.46,0.009474396,0.73876734,0.729292944,86.0,234.0,2.7209302325581395,14.0,934.0,10.86046511627907,149.0,128.0,4.0,2103.0,69.0,78.0,32.0,1,0,,,,,,,,,,,,,,
Navsari,Gujarat,High,48.94,2.26353903,2.899986996,0.636447966,30.0,620.0,20.666666666666668,122.0,1520.0,50.666666666666664,288.0,69.0,0.0,18676.0,27.0,22.0,16.0,1,0,,,,,,,,,,,,,,
Nawada,Bihar,High,51.94,1.761243108,1.840779083,0.079535975,38.0,938.0,24.68421052631579,365.0,4216.0,110.94736842105263,1025.0,47.0,0.0,1755.0,35.0,13.0,6.0,1,0,,,,,,,,,,,,,,
Nayagarh,Odisha,High,52.68,4.447805894,4.840654376,0.392848482,26.0,717.0,27.576923076923077,365.0,1815.0,69.8076923076923,1025.0,1.0,0.0,89266.0,22.0,8.0,8.0,1,0,,,,,,,,,,,,,,
Neemuch,Madhya Pradesh,Moderate,33.13,0.047005244,1.80618778,1.853193024,12.0,78.0,6.5,14.0,322.0,26.833333333333332,158.0,2.0,0.0,2000.0,11.0,6.0,2.0,1,0,,,,,,,,,,,,,,
New Delhi,Delhi,High,36.11,0.014199219,0.014199219,0.0,38.0,101.0,2.6578947368421053,22.0,64.0,1.6842105263157894,8.0,61.0,0.0,25.0,36.0,34.0,5.0,1,0,,,,,,,,,,,,,,
Nicobars,Unknown,Low,0.15,0.090612489,0.090612489,0.0,0.0,0.0,0.0,0.0,0.0,0.0,0.0,0.0,0.0,0.0,0.0,0.0,0.0,0,0,,,,,,,,,,,,,,
Nirmal,Telangana,Moderate,23.84,1.150118153,2.495939442,1.345821289,3.0,30.0,10.0,21.0,45.0,15.0,44.0,0.0,0.0,300.0,3.0,1.0,1.0,1,0,,,,,,,,,,,,,,
Niwari,Madhya Pradesh,Moderate,33.32,2.138521976,2.347448333,0.208926357,8.0,65.0,8.125,14.0,158.0,19.75,90.0,0.0,0.0,2000.0,8.0,3.0,0.0,1,0,,,,,,,,,,,,,,
Nizamabad,Telangana,High,41.32,0.044851377,1.414979667,1.37012829,28.0,237.0,8.464285714285714,31.0,833.0,29.75,262.0,9.0,2.0,26814.0,26.0,19.0,18.0,1,0,,,,,,,,,,,,,,
Noney,Manipur,Moderate,28.56,2.67719437,2.73207358,0.05487921,5.0,29.0,5.8,17.0,56.0,11.2,56.0,18.0,5.0,0.0,4.0,1.0,1.0,1,0,,,,,,,,,,,,,,
North,Unknown,High,35.17,1.725427554,1.725427554,0.0,19.0,63.0,3.3157894736842106,22.0,85.0,4.473684210526316,33.0,44.0,0.0,129.0,17.0,15.0,2.0,1,0,,,,,,,,,,,,,,
North 24 Parganas,West Bengal,Very High,68.63,11.22559097,18.6648469,7.43925593,48.0,893.0,18.604166666666668,365.0,3620.0,75.41666666666667,1258.0,49.0,0.0,203064.0,43.0,30.0,7.0,1,0,,,,,,,,,,,,,,
North District,Delhi,Moderate,32.36,0.063647516,0.608832673,0.545185157,19.0,63.0,3.3157894736842106,22.0,85.0,4.473684210526316,33.0,44.0,0.0,129.0,17.0,15.0,2.0,1,0,,,,,,,,,,,,,,
North East,Delhi,Moderate,30.4,1.464774777,1.464774777,0.0,16.0,42.0,2.625,22.0,18.0,1.125,3.0,42.0,0.0,25.0,15.0,15.0,1.0,1,0,,,,,,,,,,,,,,
North Garo Hills,Meghalaya,Moderate,28.35,1.505747627,1.505747627,0.0,6.0,32.0,5.333333333333333,10.0,92.0,15.333333333333334,45.0,0.0,0.0,20.0,5.0,5.0,2.0,1,0,,,,,,,,,,,,,,
North Goa,Goa,Moderate,31.25,1.581879791,4.159637042,2.577757251,18.0,67.0,3.7222222222222223,31.0,9.0,0.5,3.0,8.0,0.0,0.0,16.0,18.0,10.0,1,0,,,,,,,,,,,,,,
North Tripura,Tripura,High,39.6,1.542869002,1.542869002,0.0,29.0,117.0,4.0344827586206895,21.0,181.0,6.241379310344827,34.0,10.0,0.0,0.0,21.0,19.0,6.0,1,0,,,,,,,,,,,,,,
North West,Delhi,Moderate,30.12,0.1,0.1,0.0,16.0,48.0,3.0,22.0,51.0,3.1875,33.0,39.0,0.0,25.0,15.0,14.0,0.0,1,0,,,,,,,,,,,,,,
North and Middle Andaman,Andaman & Nicobar Islands,Low,10.19,1.3148171,1.3148171,0.0,2.0,2.0,1.0,1.0,0.0,0.0,0.0,0.0,0.0,0.0,2.0,2.0,2.0,1,0,,,,,,,,,,,,,,
Nuapada,Odisha,High,45.55,1.294611131,1.647190051,0.35257892,19.0,648.0,34.10526315789474,365.0,1662.0,87.47368421052632,1025.0,0.0,0.0,22794.0,16.0,3.0,3.0,1,0,,,,,,,,,,,,,,
Nuh,Haryana,Moderate,30.82,0.669910248,0.669910248,0.0,11.0,78.0,7.090909090909091,30.0,53.0,4.818181818181818,51.0,8.0,0.0,0.0,10.0,7.0,0.0,1,0,,,,,,,,,,,,,,
Osmanabad,Unknown,Low,0.0,0.000294936,0.279521656,0.27922672,0.0,0.0,0.0,0.0,0.0,0.0,0.0,0.0,0.0,0.0,0.0,0.0,0.0,0,0,,,,,,,,,,,,,,
Pakke Kessang,Arunachal Pradesh,High,36.63,1.721952494,1.745384121,0.023431627,15.0,72.0,4.8,17.0,307.0,20.466666666666665,268.0,31.0,0.0,16.0,12.0,10.0,2.0,1,0,,,,,,,,,,,,,,
Pakur,Jharkhand,Moderate,25.16,3.826048033,3.841519374,0.015471341,3.0,17.0,5.666666666666667,14.0,15.0,5.0,15.0,0.0,0.0,0.0,3.0,2.0,0.0,1,0,,,,,,,,,,,,,,
Palakkad,Kerala,High,50.4,1.885497465,2.435607291,0.550109826,70.0,402.0,5.742857142857143,34.0,1091.0,15.585714285714285,339.0,375.0,40.0,854210.0,59.0,63.0,28.0,1,0,,,,,,,,,,,,,,
Palamu,Jharkhand,Moderate,31.93,1.06308692,1.260455563,0.197368643,9.0,70.0,7.777777777777778,41.0,137.0,15.222222222222221,52.0,5.0,0.0,86.0,8.0,7.0,2.0,1,0,,,,,,,,,,,,,,
Palghar,Maharashtra,High,40.7,0.902972116,2.015211138,1.112239022,35.0,92.0,2.6285714285714286,14.0,592.0,16.914285714285715,312.0,12.0,1.0,2033.0,30.0,31.0,25.0,1,0,,,,,,,,,,,,,,
Pali,Rajasthan,High,45.59,0.391660123,0.420034216,0.028374093,31.0,546.0,17.612903225806452,365.0,1535.0,49.516129032258064,581.0,43.0,0.0,275586.0,29.0,22.0,11.0,1,0,,,,,,,,,,,,,,
Palwal,Haryana,Moderate,32.71,1.788990887,1.788990887,0.0,11.0,78.0,7.090909090909091,30.0,53.0,4.818181818181818,51.0,8.0,0.0,0.0,10.0,7.0,0.0,1,0,,,,,,,,,,,,,,
Panch Mahals,Gujarat,High,44.71,0.388326019,0.963141904,0.574815885,25.0,559.0,22.36,122.0,1545.0,61.8,288.0,40.0,2.0,17890.0,24.0,14.0,9.0,1,0,,,,,,,,,,,,,,
Panchkula,Haryana,High,35.21,0.282076231,0.322349702,0.040273471,25.0,105.0,4.2,30.0,82.0,3.28,51.0,18.0,0.0,0.0,24.0,19.0,4.0,1,0,,,,,,,,,,,,,,
Panipat,Haryana,High,38.03,1.825319296,1.825319296,0.0,20.0,116.0,5.8,30.0,143.0,7.15,64.0,8.0,0.0,1850.0,19.0,14.0,1.0,1,0,,,,,,,,,,,,,,
Panna,Madhya Pradesh,Moderate,33.04,0.741002628,0.90658603,0.165583402,11.0,75.0,6.818181818181818,14.0,200.0,18.181818181818183,90.0,0.0,0.0,40000.0,11.0,5.0,1.0,1,0,,,,,,,,,,,,,,
Papum Pare,Arunachal Pradesh,High,39.48,0.825360946,0.846868747,0.021507801,29.0,108.0,3.7241379310344827,17.0,395.0,13.620689655172415,268.0,39.0,4.0,16.0,25.0,20.0,14.0,1,0,,,,,,,,,,,,,,
Parbhani,Maharashtra,High,50.91,2.980760882,3.612234955,0.631474073,52.0,233.0,4.480769230769231,21.0,2579.0,49.59615384615385,917.0,118.0,0.0,41361.0,46.0,40.0,22.0,1,0,,,,,,,,,,,,,,
Paschim Bardhaman,Unknown,Low,2.94,1.733680898,2.156244683,0.422563785,0.0,0.0,0.0,0.0,0.0,0.0,0.0,0.0,0.0,0.0,0.0,0.0,0.0,0,0,,,,,,,,,,,,,,
Pashchim Champaran,Bihar,Very High,63.31,6.360902258,6.581510908,0.22060865,64.0,1281.0,20.015625,365.0,5386.0,84.15625,1025.0,111.0,0.0,1040.0,62.0,19.0,11.0,1,0,,,,,,,,,,,,,,
Pashchimi Singhbhum,Unknown,Low,1.47,0.868185334,0.910148694,0.04196336,0.0,0.0,0.0,0.0,0.0,0.0,0.0,0.0,0.0,0.0,0.0,0.0,0.0,0,0,,,,,,,,,,,,,,
Patan,Gujarat,High,46.83,2.596395996,2.72529709,0.128901094,20.0,506.0,25.3,122.0,1238.0,61.9,288.0,40.0,0.0,17876.0,18.0,13.0,10.0,1,0,,,,,,,,,,,,,,
Pathanamthitta,Kerala,High,49.41,0.991725656,1.224907042,0.233181386,75.0,420.0,5.6,34.0,1158.0,15.44,339.0,297.0,11.0,857210.0,62.0,67.0,39.0,1,0,,,,,,,,,,,,,,
Pathankot,Punjab,High,40.51,1.266369538,2.474306677,1.207937139,24.0,160.0,6.666666666666667,30.0,416.0,17.333333333333332,268.0,6.0,0.0,14.0,18.0,17.0,7.0,1,0,,,,,,,,,,,,,,
Patiala,Punjab,High,53.06,4.902063247,4.903037722,0.000974475,53.0,283.0,5.339622641509434,38.0,936.0,17.660377358490567,320.0,88.0,0.0,6601.0,43.0,37.0,10.0,1,0,,,,,,,,,,,,,,
Patna,Bihar,Very High,84.37,18.8206194,20.26981192,1.449192516,71.0,1137.0,16.014084507042252,365.0,4793.0,67.50704225352112,1025.0,51.0,0.0,1690.0,67.0,33.0,17.0,1,0,,,,,,,,,,,,,,
Peddapalli,Telangana,Moderate,26.25,2.597279494,3.699961317,1.102681823,3.0,30.0,10.0,21.0,44.0,14.666666666666666,44.0,0.0,0.0,300.0,2.0,1.0,1.0,1,0,,,,,,,,,,,,,,
Perambalur,Tamil Nadu,High,37.6,0.711461636,0.714228873,0.002767237,15.0,113.0,7.533333333333333,16.0,756.0,50.4,177.0,156.0,0.0,3998.0,14.0,12.0,4.0,1,1,552.3,290.7,89.99,306.8,440.9,-30.42,18.1,21.4,85.3,108.9,962.5,861.9,11.67,0.8926
Peren,Nagaland,Moderate,15.79,0.586486953,0.587829484,0.001342531,3.0,11.0,3.6666666666666665,7.0,2.0,0.6666666666666666,1.0,0.0,0.0,0.0,1.0,2.0,2.0,1,0,,,,,,,,,,,,,,
Phek,Nagaland,Moderate,16.53,1.966529093,1.968885678,0.002356585,2.0,8.0,4.0,7.0,3.0,1.5,2.0,2.0,0.0,0.0,1.0,1.0,1.0,1,0,,,,,,,,,,,,,,
Pherzawl,Manipur,Moderate,20.34,2.366795306,2.387954764,0.021159458,4.0,28.0,7.0,17.0,0.0,0.0,0.0,0.0,0.0,0.0,3.0,1.0,0.0,1,0,,,,,,,,,,,,,,
Pilibhit,Uttar Pradesh,High,52.72,2.432470279,3.104616978,0.672146699,35.0,807.0,23.057142857142857,365.0,5357.0,153.05714285714285,1313.0,1.0,0.0,10138.0,32.0,14.0,6.0,1,0,,,,,,,,,,,,,,
Pithoragarh,Uttarakhand,High,44.0,0.416580414,0.525534276,0.108953862,27.0,136.0,5.037037037037037,52.0,7491.0,277.44444444444446,5000.0,45.0,15.0,6388.0,27.0,21.0,9.0,1,0,,,,,,,,,,,,,,
Porbandar,Gujarat,High,50.88,4.865917388,5.378579118,0.51266173,28.0,349.0,12.464285714285714,37.0,1042.0,37.214285714285715,202.0,19.0,2.0,10966.0,27.0,18.0,10.0,1,0,,,,,,,,,,,,,,
Prakasam,Andhra Pradesh,High,44.71,0.87865931,1.152408401,0.273749091,33.0,249.0,7.545454545454546,31.0,1624.0,49.21212121212121,338.0,6.0,0.0,77266.0,28.0,23.0,8.0,1,0,,,,,,,,,,,,,,
Pratapgarh,Uttar Pradesh,High,55.83,1.8750944120000002,2.00394966,0.128855248,61.0,1355.0,22.21311475409836,365.0,5998.0,98.32786885245902,1313.0,51.0,0.0,10841.0,55.0,32.0,20.0,1,0,,,,,,,,,,,,,,
Prayagraj,Uttar Pradesh,Very High,65.27,8.027430678,8.8123858,0.784955122,56.0,989.0,17.660714285714285,365.0,6913.0,123.44642857142857,1313.0,47.0,0.0,9703.0,53.0,27.0,16.0,1,0,,,,,,,,,,,,,,
Puducherry,Unknown,Low,1.59,0.939811094,1.760373358,0.820562264,0.0,0.0,0.0,0.0,0.0,0.0,0.0,0.0,0.0,0.0,0.0,0.0,0.0,0,0,,,,,,,,,,,,,,
Pudukkottai,Tamil Nadu,High,38.19,0.613684296,0.699430563,0.085746267,18.0,112.0,6.222222222222222,16.0,752.0,41.77777777777778,177.0,156.0,0.0,3028.0,16.0,15.0,4.0,1,1,407.3,350.6,16.17,207.5,406.2,-48.92,7.3,33.1,94.2,97.5,716.3,887.4,-19.28,0.8583
Pulwama,Jammu and Kashmir,High,45.84,2.991682452,3.270901569,0.279219117,32.0,130.0,4.0625,22.0,1139.0,35.59375,350.0,85.0,1.0,13850.0,24.0,20.0,17.0,1,0,,,,,,,,,,,,,,
Punch,Jammu and Kashmir,High,43.52,0.67832765,0.738012141,0.059684491,41.0,149.0,3.6341463414634148,22.0,1228.0,29.951219512195124,350.0,81.0,0.0,13814.0,31.0,26.0,17.0,1,0,,,,,,,,,,,,,,
Pune,Maharashtra,High,51.61,0.01206296,1.079353461,1.091416421,139.0,342.0,2.460431654676259,14.0,3005.0,21.618705035971225,917.0,269.0,12.0,53031.0,120.0,131.0,59.0,1,0,,,,,,,,,,,,,,
Purba Bardhaman,West Bengal,Very High,60.86,8.544541925,8.794297365,0.24975544,30.0,808.0,26.933333333333334,365.0,2157.0,71.9,1025.0,4.0,0.0,802.0,27.0,8.0,3.0,1,0,,,,,,,,,,,,,,
Purba Champaran,Unknown,Moderate,15.9,9.387440533,9.508604013,0.12116348,0.0,0.0,0.0,0.0,0.0,0.0,0.0,0.0,0.0,0.0,0.0,0.0,0.0,0,0,,,,,,,,,,,,,,
Purba Medinipur,West Bengal,Very High,75.63,15.47685207,17.52355839,2.04670632,72.0,421.0,5.847222222222222,61.0,3530.0,49.02777777777778,1258.0,195.0,0.0,4920.0,69.0,49.0,9.0,1,0,,,,,,,,,,,,,,
Purbi Singhbhum,Unknown,Low,2.79,1.646993268,1.736697053,0.089703785,0.0,0.0,0.0,0.0,0.0,0.0,0.0,0.0,0.0,0.0,0.0,0.0,0.0,0,0,,,,,,,,,,,,,,
Puri,Odisha,High,49.58,0.32180646,18.91181616,18.5900097,42.0,920.0,21.904761904761905,365.0,3468.0,82.57142857142857,1025.0,0.0,0.0,86282.0,39.0,10.0,5.0,1,0,,,,,,,,,,,,,,
Purnia,Bihar,Very High,61.65,6.320814211,6.353941784,0.033127573,51.0,1073.0,21.03921568627451,365.0,5060.0,99.2156862745098,1025.0,0.0,0.0,3021.0,49.0,18.0,10.0,1,0,,,,,,,,,,,,,,
Puruliya,Unknown,Low,0.52,0.307955389,0.817297747,0.509342358,0.0,0.0,0.0,0.0,0.0,0.0,0.0,0.0,0.0,0.0,0.0,0.0,0.0,0,0,,,,,,,,,,,,,,
Rae Bareli,Uttar Pradesh,High,56.42,5.186238472,5.209973941,0.023735469,35.0,722.0,20.62857142857143,365.0,3610.0,103.14285714285714,1025.0,33.0,0.0,4423.0,30.0,20.0,11.0,1,0,,,,,,,,,,,,,,
Raichur,Karnataka,High,48.69,0.860016988,1.42584206,0.565825072,58.0,459.0,7.913793103448276,31.0,1499.0,25.844827586206897,308.0,172.0,0.0,9310.0,46.0,52.0,21.0,1,0,,,,,,,,,,,,,,
Raigarh,Maharashtra,High,45.86,0.4338177485,1.6173588145000002,1.1835410659999999,53.0,180.0,3.3962264150943398,14.0,2380.0,44.905660377358494,917.0,179.0,93.0,41280.0,49.0,43.0,23.0,1,0,,,,,,,,,,,,,,
Raipur,Chhattisgarh,High,35.52,0.592452074,1.037598285,0.445146211,26.0,77.0,2.9615384615384617,7.0,106.0,4.076923076923077,41.0,135.0,0.0,42.0,24.0,22.0,15.0,1,0,,,,,,,,,,,,,,
Raisen,Madhya Pradesh,High,37.15,1.304665949,1.851820563,0.547154614,18.0,91.0,5.055555555555555,14.0,277.0,15.38888888888889,90.0,13.0,0.0,2654.0,17.0,9.0,8.0,1,0,,,,,,,,,,,,,,
Rajanna Sircilla,Telangana,Moderate,23.35,0.00114418,0.563623248,0.564767428,4.0,36.0,9.0,21.0,44.0,11.0,44.0,0.0,0.0,300.0,4.0,2.0,2.0,1,0,,,,,,,,,,,,,,
Rajgarh,Madhya Pradesh,High,36.68,0.472826999,0.937282124,0.464455125,20.0,96.0,4.8,14.0,340.0,17.0,158.0,11.0,0.0,2000.0,18.0,14.0,6.0,1,0,,,,,,,,,,,,,,
Rajkot,Gujarat,High,48.98,0.307696507,0.801285355,0.493588848,41.0,722.0,17.609756097560975,122.0,3854.0,94.0,1485.0,74.0,2.0,134743.0,39.0,28.0,13.0,1,0,,,,,,,,,,,,,,
Rajnandgaon,Chhattisgarh,Moderate,28.7,0.248451395,0.602269912,0.353818517,13.0,27.0,2.076923076923077,5.0,78.0,6.0,24.0,25.0,0.0,42.0,12.0,12.0,10.0,1,0,,,,,,,,,,,,,,
Rajouri,Jammu and Kashmir,High,41.79,0.283908485,0.301855404,0.017946919,33.0,136.0,4.121212121212121,22.0,1347.0,40.81818181818182,350.0,80.0,0.0,13832.0,25.0,16.0,17.0,1,0,,,,,,,,,,,,,,
Rajsamand,Rajasthan,High,38.55,0.165414807,0.253865414,0.088450607,14.0,444.0,31.714285714285715,365.0,317.0,22.642857142857142,90.0,0.0,0.0,0.0,13.0,8.0,3.0,1,0,,,,,,,,,,,,,,
Ramanagara,Karnataka,High,39.31,0.955866677,1.21544654,0.259579863,14.0,235.0,16.785714285714285,31.0,617.0,44.07142857142857,198.0,34.0,0.0,9151.0,8.0,10.0,7.0,1,0,,,,,,,,,,,,,,
Ramanathapuram,Tamil Nadu,High,39.71,1.978467591,3.269130248,1.290662657,15.0,107.0,7.133333333333334,16.0,803.0,53.53333333333333,177.0,208.0,0.0,2808.0,14.0,12.0,2.0,1,1,211.3,149.3,41.53,259.1,491.7,-47.31,2.2,51.3,110.8,115.5,583.4,807.8,-27.78,0.8063
Ramban,Jammu and Kashmir,High,40.0,0.444408931,0.754358554,0.309949623,26.0,119.0,4.576923076923077,22.0,912.0,35.07692307692308,350.0,38.0,0.0,11191.0,15.0,10.0,13.0,1,0,,,,,,,,,,,,,,
Ramgarh,Jharkhand,Moderate,23.2,0.438980609,0.955188073,0.516207464,7.0,16.0,2.2857142857142856,7.0,24.0,3.4285714285714284,15.0,16.0,0.0,16.0,6.0,7.0,4.0,1,0,,,,,,,,,,,,,,
Rampur,Uttar Pradesh,High,54.92,4.515924008,4.515924008,0.0,32.0,724.0,22.625,365.0,3665.0,114.53125,1025.0,0.0,0.0,4340.0,30.0,13.0,6.0,1,0,,,,,,,,,,,,,,
Ranchi,Jharkhand,High,35.5,0.465022765,0.833116849,0.368094084,20.0,95.0,4.75,41.0,171.0,8.55,31.0,11.0,0.0,33.0,19.0,18.0,12.0,1,0,,,,,,,,,,,,,,
Ranga Reddy,Telangana,Moderate,29.05,0.085026896,0.412349188,0.327322292,13.0,49.0,3.769230769230769,21.0,45.0,3.4615384615384617,44.0,0.0,0.0,388.0,12.0,11.0,11.0,1,0,,,,,,,,,,,,,,
Ranipet,Tamil Nadu,Moderate,34.63,1.363052135,1.50587668,0.142824545,8.0,78.0,9.75,16.0,575.0,71.875,177.0,156.0,0.0,2738.0,8.0,6.0,1.0,1,0,,,,,,,,,,,,,,
Ratlam,Madhya Pradesh,High,35.31,0.588601194,0.690751655,0.102150461,15.0,85.0,5.666666666666667,14.0,339.0,22.6,158.0,1.0,0.0,2000.0,15.0,9.0,1.0,1,0,,,,,,,,,,,,,,
Ratnagiri,Maharashtra,High,47.12,0.575265044,1.554240455,0.978975411,65.0,194.0,2.9846153846153847,17.0,2244.0,34.52307692307692,917.0,179.0,5.0,31119.0,61.0,54.0,28.0,1,0,,,,,,,,,,,,,,
Rayagada,Odisha,High,46.33,1.449399945,1.514776096,0.065376151,21.0,657.0,31.285714285714285,365.0,1704.0,81.14285714285714,1025.0,0.0,0.0,24072.0,18.0,3.0,4.0,1,0,,,,,,,,,,,,,,
Reasi,Jammu and Kashmir,High,41.27,1.239061446,1.749523708,0.510462262,24.0,117.0,4.875,22.0,1105.0,46.041666666666664,350.0,86.0,0.0,13721.0,19.0,12.0,10.0,1,0,,,,,,,,,,,,,,
Rewa,Madhya Pradesh,High,37.57,0.818756794,0.994456438,0.175699644,21.0,106.0,5.0476190476190474,14.0,307.0,14.619047619047619,90.0,25.0,0.0,40000.0,20.0,13.0,6.0,1,0,,,,,,,,,,,,,,
Rewari,Haryana,Moderate,32.47,0.828055738,0.830835644,0.002779906,14.0,82.0,5.857142857142857,30.0,61.0,4.357142857142857,51.0,8.0,0.0,0.0,13.0,9.0,0.0,1,0,,,,,,,,,,,,,,
Ribhoi,Meghalaya,Moderate,30.25,1.715139198,1.874505797,0.159366599,11.0,30.0,2.727272727272727,10.0,58.0,5.2727272727272725,30.0,2.0,1.0,23.0,8.0,10.0,7.0,1,0,,,,,,,,,,,,,,
Rohtak,Haryana,High,39.0,0.999841319,1.003708527,0.003867208,21.0,151.0,7.190476190476191,38.0,344.0,16.38095238095238,112.0,31.0,0.0,725.0,20.0,14.0,0.0,1,0,,,,,,,,,,,,,,
Rohtas,Bihar,High,54.87,3.872831529,4.672962273,0.800130744,33.0,944.0,28.606060606060606,365.0,4129.0,125.12121212121212,1025.0,0.0,0.0,755.0,32.0,9.0,3.0,1,0,,,,,,,,,,,,,,
Rudraprayag,Uttarakhand,High,39.57,1.403054602,1.443384607,0.040330005,19.0,30.0,1.5789473684210527,7.0,5194.0,273.36842105263156,5000.0,83.0,31.0,1095.0,18.0,14.0,13.0,1,0,,,,,,,,,,,,,,
Rupnagar,Punjab,High,56.66,8.05958884,8.530840592,0.471251752,41.0,241.0,5.878048780487805,30.0,843.0,20.5609756097561,320.0,22.0,0.0,6534.0,34.0,27.0,8.0,1,0,,,,,,,,,,,,,,
Sabar Kantha,Gujarat,High,44.29,0.326713001,0.981927574,0.655214573,28.0,456.0,16.285714285714285,120.0,1310.0,46.785714285714285,202.0,15.0,0.0,1799.0,28.0,14.0,6.0,1,0,,,,,,,,,,,,,,
Sagar,Madhya Pradesh,High,38.97,0.654643181,0.895085498,0.240442317,25.0,113.0,4.52,14.0,477.0,19.08,158.0,19.0,0.0,41955.0,24.0,18.0,5.0,1,0,,,,,,,,,,,,,,
Saharanpur,Uttar Pradesh,High,53.49,2.685129434,2.705190205,0.020060771,36.0,819.0,22.75,365.0,5977.0,166.02777777777777,1313.0,32.0,3.0,13122.0,35.0,15.0,6.0,1,0,,,,,,,,,,,,,,
Saharsa,Bihar,Very High,65.62,8.19729709,8.841447371,0.644150281,55.0,1274.0,23.163636363636364,365.0,5056.0,91.92727272727272,1025.0,30.0,0.0,1005.0,52.0,13.0,8.0,1,0,,,,,,,,,,,,,,
Sahibganj,Unknown,Low,9.73,5.74321916,8.050315684,2.307096524,0.0,0.0,0.0,0.0,0.0,0.0,0.0,0.0,0.0,0.0,0.0,0.0,0.0,0,0,,,,,,,,,,,,,,
Sahibzada Ajit Singh Nagar,Punjab,High,38.48,0.10224824,0.112972873,0.010724633,26.0,139.0,5.346153846153846,26.0,406.0,15.615384615384615,268.0,10.0,0.0,0.0,20.0,19.0,8.0,1,0,,,,,,,,,,,,,,
Saiha,Unknown,Low,5.0,2.951687412,2.96841934,0.016731928,0.0,0.0,0.0,0.0,0.0,0.0,0.0,0.0,0.0,0.0,0.0,0.0,0.0,0,0,,,,,,,,,,,,,,
Salem,Tamil Nadu,High,37.93,0.70281148,1.698807354,0.995995874,16.0,103.0,6.4375,16.0,909.0,56.8125,200.0,179.0,0.0,4026.0,13.0,12.0,6.0,1,1,484.7,440.6,10.01,341.9,370.5,-7.72,15.4,16.0,179.2,170.8,1021.2,997.9,2.33,0.8094
Samastipur,Bihar,Very High,75.97,14.37494456,14.7707354,0.395790839,57.0,1177.0,20.649122807017545,365.0,4888.0,85.75438596491227,1025.0,100.0,0.0,1316.0,54.0,18.0,11.0,1,0,,,,,,,,,,,,,,
Samba,Jammu and Kashmir,High,38.09,0.63000495,0.669356657,0.039351707,17.0,105.0,6.176470588235294,22.0,890.0,52.35294117647059,350.0,5.0,0.0,11185.0,14.0,7.0,4.0,1,0,,,,,,,,,,,,,,
Sambalpur,Odisha,High,48.71,0.653957274,1.95082885,1.296871576,36.0,748.0,20.77777777777778,365.0,3089.0,85.80555555555556,1025.0,0.0,0.0,53665.0,33.0,11.0,6.0,1,0,,,,,,,,,,,,,,
Sambhal,Uttar Pradesh,High,50.26,2.00812794,2.052578084,0.044450144,30.0,700.0,23.333333333333332,365.0,3581.0,119.36666666666666,1025.0,46.0,0.0,3952.0,28.0,16.0,8.0,1,0,,,,,,,,,,,,,,
Sangareddy,Telangana,Moderate,30.05,0.005164143,1.457531752,1.462695895,10.0,73.0,7.3,30.0,93.0,9.3,49.0,9.0,0.0,7033.0,9.0,8.0,8.0,1,0,,,,,,,,,,,,,,
Sangli,Maharashtra,High,41.73,0.444899405,0.816411266,0.371511861,32.0,123.0,3.84375,14.0,1405.0,43.90625,917.0,25.0,4.0,29390.0,25.0,26.0,14.0,1,0,,,,,,,,,,,,,,
Sangrur,Punjab,High,45.75,2.448919322,2.448919322,0.0,32.0,226.0,7.0625,38.0,781.0,24.40625,320.0,12.0,0.0,6515.0,25.0,23.0,7.0,1,0,,,,,,,,,,,,,,
Sant Kabir Nagar,Uttar Pradesh,High,57.09,5.995956962,6.190358252,0.19440129,31.0,706.0,22.774193548387096,365.0,3384.0,109.16129032258064,1025.0,12.0,0.0,4032.0,27.0,17.0,10.0,1,0,,,,,,,,,,,,,,
Saraikela-kharsawan,Jharkhand,Low,13.87,0.297198097,1.982457722,1.685259625,2.0,3.0,1.5,2.0,15.0,7.5,15.0,0.0,0.0,0.0,2.0,2.0,0.0,1,0,,,,,,,,,,,,,,
Saran,Bihar,Very High,72.08,12.38481824,13.6847545,1.299936265,52.0,1135.0,21.826923076923077,365.0,4840.0,93.07692307692308,1025.0,10.0,0.0,1052.0,49.0,15.0,11.0,1,0,,,,,,,,,,,,,,
Satara,Maharashtra,High,43.31,0.003020396,0.886672906,0.88365251,51.0,165.0,3.235294117647059,14.0,1017.0,19.941176470588236,302.0,141.0,12.0,12516.0,41.0,43.0,20.0,1,0,,,,,,,,,,,,,,
Satna,Madhya Pradesh,Moderate,33.73,0.006627683,0.676054775,0.682682458,14.0,87.0,6.214285714285714,14.0,274.0,19.571428571428573,90.0,0.0,0.0,40000.0,14.0,9.0,2.0,1,0,,,,,,,,,,,,,,
Sawai Madhopur,Rajasthan,High,45.98,1.488231909,1.752297609,0.2640657,25.0,530.0,21.2,365.0,1184.0,47.36,581.0,1043.0,0.0,208772.0,23.0,15.0,6.0,1,0,,,,,,,,,,,,,,
Sehore,Madhya Pradesh,High,39.01,0.865128872,1.308962201,0.443833329,23.0,119.0,5.173913043478261,14.0,455.0,19.782608695652176,158.0,8.0,0.0,2654.0,21.0,16.0,10.0,1,0,,,,,,,,,,,,,,
Senapati,Manipur,Moderate,17.53,0.710207411,0.710207411,0.0,4.0,28.0,7.0,17.0,0.0,0.0,0.0,0.0,0.0,0.0,3.0,1.0,0.0,1,0,,,,,,,,,,,,,,
Seoni,Madhya Pradesh,High,37.07,0.419742338,1.235483561,0.815741223,22.0,120.0,5.454545454545454,14.0,247.0,11.227272727272727,90.0,0.0,0.0,2000.0,21.0,14.0,8.0,1,0,,,,,,,,,,,,,,
Serchhip,Mizoram,Moderate,27.19,1.328475491,1.328475491,0.0,7.0,24.0,3.4285714285714284,17.0,59.0,8.428571428571429,25.0,1.0,0.0,0.0,4.0,4.0,1.0,1,0,,,,,,,,,,,,,,
Shahdara,Delhi,Moderate,27.75,0.1,0.1,0.0,15.0,41.0,2.7333333333333334,22.0,18.0,1.2,3.0,39.0,0.0,25.0,14.0,14.0,0.0,1,0,,,,,,,,,,,,,,
Shahdol,Madhya Pradesh,Moderate,32.07,0.003847684,0.76725114,0.771098824,13.0,74.0,5.6923076923076925,14.0,158.0,12.153846153846153,90.0,6.0,0.0,2075.0,12.0,8.0,4.0,1,0,,,,,,,,,,,,,,
Shahid Bhagat Singh Nagar,Punjab,High,55.82,10.90580953,10.97305613,0.067246598,22.0,128.0,5.818181818181818,26.0,405.0,18.40909090909091,268.0,6.0,0.0,0.0,16.0,15.0,5.0,1,0,,,,,,,,,,,,,,
Shahjahanpur,Uttar Pradesh,High,56.4,4.75687807,4.764711247,0.007833177,38.0,753.0,19.81578947368421,365.0,4129.0,108.65789473684211,1025.0,3.0,0.0,3940.0,36.0,18.0,8.0,1,0,,,,,,,,,,,,,,
Shajapur,Madhya Pradesh,Moderate,33.28,0.513507353,0.571010644,0.057503291,13.0,78.0,6.0,14.0,179.0,13.76923076923077,90.0,0.0,0.0,2000.0,12.0,7.0,3.0,1,0,,,,,,,,,,,,,,
Shamli,Uttar Pradesh,High,49.52,1.857718186,1.857718186,0.0,27.0,696.0,25.77777777777778,365.0,3570.0,132.22222222222223,1025.0,22.0,0.0,3958.0,24.0,13.0,5.0,1,0,,,,,,,,,,,,,,
Sheikhpura,Bihar,High,53.99,3.505578685,3.509671673,0.004092988,32.0,903.0,28.21875,365.0,4116.0,128.625,1025.0,0.0,0.0,755.0,31.0,9.0,2.0,1,0,,,,,,,,,,,,,,
Sheohar,Bihar,Very High,64.96,9.002316572,9.002316572,0.0,42.0,969.0,23.071428571428573,365.0,4814.0,114.61904761904762,1025.0,8.0,0.0,755.0,40.0,17.0,8.0,1,0,,,,,,,,,,,,,,
Sheopur,Madhya Pradesh,Moderate,33.84,1.231751267,1.417634793,0.185883526,11.0,80.0,7.2727272727272725,14.0,178.0,16.181818181818183,90.0,0.0,0.0,2000.0,11.0,6.0,3.0,1,0,,,,,,,,,,,,,,
Shi Yomi,Arunachal Pradesh,High,35.95,0.679578763,0.730870815,0.051292052,17.0,86.0,5.0588235294117645,17.0,322.0,18.941176470588236,268.0,31.0,2.0,16.0,14.0,12.0,4.0,1,0,,,,,,,,,,,,,,
Shimla,Himachal Pradesh,High,51.08,0.735818063,0.771392749,0.035574686,113.0,434.0,3.84070796460177,99.0,1272.0,11.256637168141593,151.0,256.0,7.0,18402.0,105.0,95.0,46.0,1,0,,,,,,,,,,,,,,
Shivamogga,Karnataka,High,45.01,0.0731706,1.276369106,1.203198506,44.0,399.0,9.068181818181818,31.0,966.0,21.954545454545453,198.0,79.0,53.0,9561.0,31.0,38.0,21.0,1,0,,,,,,,,,,,,,,
Shivpuri,Madhya Pradesh,Moderate,33.78,0.160705456,0.728096946,0.56739149,14.0,90.0,6.428571428571429,14.0,229.0,16.357142857142858,90.0,0.0,0.0,2000.0,13.0,9.0,3.0,1,0,,,,,,,,,,,,,,
Shrawasti,Uttar Pradesh,Very High,60.0,7.692700147,7.721578816,0.028878669,31.0,720.0,23.225806451612904,365.0,3364.0,108.51612903225806,1025.0,12.0,0.0,4032.0,26.0,16.0,8.0,1,0,,,,,,,,,,,,,,
Shupiyan,Unknown,Low,1.83,1.080602368,1.082625131,0.002022763,0.0,0.0,0.0,0.0,0.0,0.0,0.0,0.0,0.0,0.0,0.0,0.0,0.0,0,0,,,,,,,,,,,,,,
Siang,Arunachal Pradesh,High,39.23,2.019900267,2.518308001,0.498407734,20.0,95.0,4.75,17.0,330.0,16.5,268.0,46.0,2.0,16.0,17.0,14.0,5.0,1,0,,,,,,,,,,,,,,
Siddharthnagar,Uttar Pradesh,Very High,69.81,13.38292044,13.40492833,0.022007889,32.0,727.0,22.71875,365.0,3386.0,105.8125,1025.0,12.0,0.0,4032.0,27.0,17.0,8.0,1,0,,,,,,,,,,,,,,
Siddipet,Telangana,Moderate,24.71,0.378098987,0.469975702,0.091876715,5.0,34.0,6.8,21.0,45.0,9.0,44.0,0.0,0.0,301.0,4.0,3.0,3.0,1,0,,,,,,,,,,,,,,
Sidhi,Madhya Pradesh,Moderate,32.71,1.782043654,2.184368869,0.402325215,8.0,65.0,8.125,14.0,158.0,19.75,90.0,0.0,0.0,2000.0,8.0,3.0,0.0,1,0,,,,,,,,,,,,,,
Sikar,Rajasthan,High,39.62,0.420855874,0.420855874,0.0,21.0,132.0,6.285714285714286,30.0,1110.0,52.857142857142854,581.0,39.0,0.0,200890.0,21.0,12.0,5.0,1,0,,,,,,,,,,,,,,
Simdega,Jharkhand,Low,14.94,0.928699763,1.054648305,0.125948542,2.0,3.0,1.5,2.0,15.0,7.5,15.0,0.0,0.0,0.0,2.0,2.0,0.0,1,0,,,,,,,,,,,,,,
Sindhudurg,Maharashtra,High,45.75,0.776077496,1.40862314,0.632545644,54.0,194.0,3.5925925925925926,17.0,1331.0,24.64814814814815,527.0,236.0,8.0,17705.0,48.0,45.0,26.0,1,0,,,,,,,,,,,,,,
Singrauli,Madhya Pradesh,Moderate,32.7,0.806662133,1.521857949,0.715195816,10.0,79.0,7.9,14.0,179.0,17.9,90.0,0.0,0.0,2000.0,10.0,5.0,2.0,1,0,,,,,,,,,,,,,,
Sipahijala,Unknown,Low,1.01,0.598107872,0.601362713,0.003254841,0.0,0.0,0.0,0.0,0.0,0.0,0.0,0.0,0.0,0.0,0.0,0.0,0.0,0,0,,,,,,,,,,,,,,
Sirmaur,Himachal Pradesh,High,46.87,0.977864526,1.011405104,0.033540578,63.0,312.0,4.9523809523809526,99.0,660.0,10.476190476190476,151.0,61.0,0.0,18567.0,59.0,53.0,31.0,1,0,,,,,,,,,,,,,,
Sirohi,Rajasthan,High,42.84,0.252656489,0.276456745,0.023800256,23.0,497.0,21.608695652173914,365.0,869.0,37.78260869565217,440.0,47.0,0.0,75050.0,22.0,16.0,7.0,1,0,,,,,,,,,,,,,,
Sirsa,Haryana,High,52.89,9.795019476,9.796778385,0.001758909,22.0,125.0,5.681818181818182,30.0,224.0,10.181818181818182,112.0,27.0,0.0,1900.0,21.0,14.0,0.0,1,0,,,,,,,,,,,,,,
Sitamarhi,Bihar,High,59.82,4.619683648,4.621194206,0.001510558,60.0,1178.0,19.633333333333333,365.0,5277.0,87.95,1025.0,8.0,0.0,1005.0,58.0,21.0,9.0,1,0,,,,,,,,,,,,,,
Sitapur,Uttar Pradesh,High,57.66,3.375278206,3.400453125,0.025174919,69.0,887.0,12.855072463768115,365.0,5490.0,79.56521739130434,1313.0,52.0,0.0,10359.0,64.0,45.0,34.0,1,0,,,,,,,,,,,,,,
Sivaganga,Tamil Nadu,High,35.6,1.933201481,1.984480953,0.051279472,8.0,78.0,9.75,16.0,575.0,71.875,177.0,156.0,0.0,2810.0,8.0,6.0,1.0,1,1,526.4,301.0,74.88,259.3,422.7,-38.66,4.1,27.9,284.8,121.2,1074.6,872.8,23.12,0.7312
Sivasagar,Assam,Very High,82.88,16.53832279,17.15000888,0.611686093,129.0,1526.0,11.829457364341085,93.0,2449.0,18.984496124031008,268.0,69.0,0.0,10108675.0,115.0,53.0,69.0,1,0,,,,,,,,,,,,,,
Siwan,Bihar,Very High,61.38,6.60775735,6.753345435,0.145588085,45.0,1029.0,22.866666666666667,365.0,4833.0,107.4,1025.0,0.0,0.0,1040.0,42.0,15.0,9.0,1,0,,,,,,,,,,,,,,
Solan,Himachal Pradesh,High,46.26,0.280667145,0.404819031,0.124151886,66.0,326.0,4.9393939393939394,99.0,761.0,11.530303030303031,151.0,63.0,2.0,18212.0,60.0,53.0,24.0,1,0,,,,,,,,,,,,,,
Solapur,Maharashtra,High,41.84,0.923051453,1.684216461,0.761165008,37.0,122.0,3.2972972972972974,14.0,634.0,17.135135135135137,117.0,69.0,8.0,2593.0,30.0,30.0,14.0,1,0,,,,,,,,,,,,,,
Sonbhadra,Uttar Pradesh,High,46.65,0.064958232,2.644815378,2.70977361,29.0,690.0,23.79310344827586,365.0,3309.0,114.10344827586206,1025.0,0.0,0.0,4060.0,26.0,16.0,8.0,1,0,,,,,,,,,,,,,,
Sonipat,Haryana,High,39.45,0.905127272,0.905127272,0.0,29.0,173.0,5.9655172413793105,30.0,170.0,5.862068965517241,64.0,20.0,0.0,0.0,27.0,18.0,1.0,1,0,,,,,,,,,,,,,,
Sonitpur,Assam,Very High,64.61,5.196410326,7.745899654,2.549489328,161.0,1454.0,9.031055900621118,93.0,2536.0,15.751552795031056,268.0,75.0,0.0,7207424.0,141.0,79.0,91.0,1,0,,,,,,,,,,,,,,
South,Unknown,Moderate,27.59,0.006747594,0.006747594,0.0,15.0,41.0,2.7333333333333334,22.0,18.0,1.2,3.0,39.0,0.0,25.0,14.0,14.0,0.0,1,0,,,,,,,,,,,,,,
South 24 Parganas,West Bengal,Very High,64.32,9.52594778,17.30461094,7.77866316,46.0,770.0,16.73913043478261,365.0,2175.0,47.28260869565217,1025.0,44.0,0.0,203442.0,40.0,29.0,5.0,1,0,,,,,,,,,,,,,,
South Andaman,Unknown,Low,2.44,1.443452407,1.443452407,0.0,0.0,0.0,0.0,0.0,0.0,0.0,0.0,0.0,0.0,0.0,0.0,0.0,0.0,0,0,,,,,,,,,,,,,,
South District,Delhi,Moderate,30.14,1.512139512,1.694907072,0.18276756,15.0,41.0,2.7333333333333334,22.0,18.0,1.2,3.0,39.0,0.0,25.0,14.0,14.0,0.0,1,0,,,,,,,,,,,,,,
South East,Delhi,Moderate,28.64,0.629289386,0.675204493,0.045915107,15.0,41.0,2.7333333333333334,22.0,18.0,1.2,3.0,39.0,0.0,25.0,14.0,14.0,0.0,1,0,,,,,,,,,,,,,,
South Garo Hills,Meghalaya,Moderate,28.02,1.272678698,1.298508569,0.025829871,7.0,24.0,3.4285714285714284,8.0,103.0,14.714285714285714,45.0,0.0,0.0,0.0,6.0,5.0,2.0,1,0,,,,,,,,,,,,,,
South Goa,Goa,Moderate,34.25,1.79256855,2.764330826,0.971762276,18.0,284.0,15.777777777777779,214.0,4.0,0.2222222222222222,2.0,8.0,0.0,0.0,14.0,18.0,13.0,1,0,,,,,,,,,,,,,,
South Salmara Mancachar,Assam,Very High,76.91,17.21104287,28.02392571,10.81288284,51.0,667.0,13.07843137254902,93.0,1613.0,31.627450980392158,268.0,49.0,0.0,3275593.0,45.0,30.0,34.0,1,0,,,,,,,,,,,,,,
South Tripura,Tripura,High,36.33,0.931395601,0.931395601,0.0,25.0,101.0,4.04,21.0,88.0,3.52,34.0,12.0,0.0,0.0,21.0,18.0,4.0,1,0,,,,,,,,,,,,,,
South West,Delhi,High,35.61,3.339650881,3.339650881,0.0,16.0,48.0,3.0,22.0,51.0,3.1875,33.0,39.0,0.0,25.0,15.0,14.0,0.0,1,0,,,,,,,,,,,,,,
South West Garo Hills,Meghalaya,Moderate,32.15,3.340328514,3.341603843,0.001275329,7.0,33.0,4.714285714285714,10.0,92.0,13.142857142857142,45.0,0.0,0.0,20.0,6.0,5.0,3.0,1,0,,,,,,,,,,,,,,
South West Khasi Hills,Meghalaya,Moderate,25.1,1.768765435,1.814196952,0.045431517,5.0,15.0,3.0,7.0,48.0,9.6,30.0,0.0,0.0,0.0,4.0,3.0,1.0,1,0,,,,,,,,,,,,,,
Sri Muktsar Sahib,Punjab,Low,9.07,2.388390951,2.388794655,0.000403704,1.0,1.0,1.0,1.0,0.0,0.0,0.0,0.0,0.0,0.0,1.0,1.0,0.0,1,0,,,,,,,,,,,,,,
Sri Potti Sriramulu Nellore,Andhra Pradesh,High,43.04,0.688735282,4.296954395,3.608219113,31.0,198.0,6.387096774193548,31.0,1234.0,39.806451612903224,338.0,0.0,1.0,75054.0,27.0,22.0,6.0,1,0,,,,,,,,,,,,,,
Srikakulam,Andhra Pradesh,High,43.85,3.446704127,4.01307877,0.566374643,22.0,141.0,6.409090909090909,31.0,517.0,23.5,179.0,0.0,0.0,10386.0,20.0,14.0,5.0,1,0,,,,,,,,,,,,,,
Srinagar,Jammu and Kashmir,High,40.65,0.278932913,1.003599347,0.724666434,26.0,147.0,5.653846153846154,22.0,1137.0,43.73076923076923,350.0,68.0,1.0,13736.0,20.0,13.0,5.0,1,0,,,,,,,,,,,,,,
Subarnapur,Odisha,High,47.53,2.280238254,3.493045358,1.212807104,20.0,663.0,33.15,365.0,1691.0,84.55,1025.0,0.0,0.0,56011.0,17.0,4.0,4.0,1,0,,,,,,,,,,,,,,
Sukma,Chhattisgarh,Low,7.51,1.466729973,1.578192343,0.11146237,1.0,1.0,1.0,1.0,0.0,0.0,0.0,0.0,0.0,0.0,1.0,1.0,1.0,1,0,,,,,,,,,,,,,,
Sultanpur,Uttar Pradesh,High,57.6,4.347300593,4.349309327,0.002008734,46.0,903.0,19.630434782608695,365.0,5769.0,125.41304347826087,1313.0,2.0,0.0,10162.0,41.0,25.0,16.0,1,0,,,,,,,,,,,,,,
Sundargarh,Odisha,High,47.53,1.817783191,2.122434122,0.304650931,23.0,689.0,29.956521739130434,365.0,1761.0,76.56521739130434,1025.0,0.0,0.0,56049.0,19.0,4.0,4.0,1,0,,,,,,,,,,,,,,
Supaul,Bihar,Very High,62.88,7.348234606,7.982821848,0.634587242,47.0,1028.0,21.872340425531913,365.0,4986.0,106.08510638297872,1025.0,104.0,0.0,755.0,42.0,19.0,12.0,1,0,,,,,,,,,,,,,,
Surajpur,Unknown,Low,2.07,1.22005953,1.420793586,0.200734056,0.0,0.0,0.0,0.0,0.0,0.0,0.0,0.0,0.0,0.0,0.0,0.0,0.0,0,0,,,,,,,,,,,,,,
Surat,Gujarat,High,56.3,5.334773331,5.928437334,0.593664003,47.0,531.0,11.297872340425531,122.0,2135.0,45.42553191489362,288.0,50.0,2.0,28358.0,45.0,31.0,15.0,1,0,,,,,,,,,,,,,,
Surendranagar,Gujarat,High,47.1,1.139615495,1.286502045,0.14688655,35.0,470.0,13.428571428571429,122.0,1632.0,46.628571428571426,288.0,58.0,0.0,30077.0,33.0,21.0,8.0,1,0,,,,,,,,,,,,,,
Surguja,Chhattisgarh,Moderate,21.24,0.200172812,0.479102379,0.278929567,6.0,8.0,1.3333333333333333,3.0,38.0,6.333333333333333,24.0,2.0,0.0,55.0,5.0,6.0,5.0,1,0,,,,,,,,,,,,,,
Suryapet,Telangana,Moderate,24.28,1.336230804,1.862321095,0.526090291,3.0,32.0,10.666666666666666,21.0,44.0,14.666666666666666,44.0,0.0,0.0,300.0,3.0,1.0,1.0,1,0,,,,,,,,,,,,,,
Tamenglong,Manipur,Moderate,26.62,1.695834778,1.701837152,0.006002374,7.0,33.0,4.714285714285714,17.0,17.0,2.4285714285714284,12.0,5.0,2.0,0.0,6.0,3.0,1.0,1,0,,,,,,,,,,,,,,
Tapi,Gujarat,High,43.31,0.099755767,3.084521179,2.984765412,26.0,477.0,18.346153846153847,120.0,1038.0,39.92307692307692,202.0,36.0,0.0,1333.0,24.0,19.0,17.0,1,0,,,,,,,,,,,,,,
Tarn Taran,Punjab,High,47.86,5.605831458,5.771552223,0.165720765,24.0,160.0,6.666666666666667,30.0,416.0,17.333333333333332,268.0,6.0,0.0,14.0,18.0,17.0,7.0,1,0,,,,,,,,,,,,,,
Tawang,Arunachal Pradesh,High,41.64,0.876365429,1.104117118,0.227751689,32.0,192.0,6.0,62.0,426.0,13.3125,268.0,43.0,2.0,21.0,26.0,23.0,11.0,1,0,,,,,,,,,,,,,,
Tehri Garhwal,Uttarakhand,High,36.51,0.541041119,1.072103335,0.531062216,26.0,55.0,2.1153846153846154,7.0,343.0,13.192307692307692,90.0,30.0,2.0,530.0,25.0,19.0,10.0,1,0,,,,,,,,,,,,,,
Tengnoupal,Manipur,Moderate,17.24,0.539127806,0.539127806,0.0,4.0,28.0,7.0,17.0,0.0,0.0,0.0,0.0,0.0,0.0,3.0,1.0,0.0,1,0,,,,,,,,,,,,,,
Tenkasi,Tamil Nadu,Moderate,32.44,0.407407146,0.457961738,0.050554592,7.0,77.0,11.0,16.0,575.0,82.14285714285714,177.0,156.0,0.0,2738.0,7.0,5.0,0.0,1,0,,,,,,,,,,,,,,
Thane,Maharashtra,High,50.81,1.253627781,3.51519111,2.261563329,97.0,259.0,2.670103092783505,14.0,2191.0,22.587628865979383,527.0,473.0,0.0,29681.0,94.0,89.0,41.0,1,0,,,,,,,,,,,,,,
Thanjavur,Tamil Nadu,High,54.57,6.262291183,6.402076626,0.139785443,36.0,335.0,9.305555555555555,119.0,1256.0,34.888888888888886,200.0,231.0,0.0,4075.0,35.0,31.0,11.0,1,1,479.5,318.4,50.6,433.7,550.3,-21.19,21.9,42.3,59.4,102.1,994.5,1013.1,-1.84,0.9183
The Dangs,Gujarat,High,48.23,2.164733438,2.171927273,0.007193835,28.0,601.0,21.464285714285715,122.0,1388.0,49.57142857142857,288.0,61.0,0.0,18676.0,26.0,19.0,14.0,1,0,,,,,,,,,,,,,,
The Nilgiris,Tamil Nadu,High,40.9,0.072105658,0.41168295,0.339577292,27.0,172.0,6.37037037037037,16.0,1150.0,42.592592592592595,200.0,234.0,0.0,3948.0,23.0,21.0,8.0,1,1,731.4,759.9,-3.75,350.3,478.2,-26.75,31.4,49.3,375.5,235.3,1488.6,1522.7,-2.24,0.7267
Theni,Tamil Nadu,High,36.12,0.031762174,0.346368373,0.314606199,14.0,116.0,8.285714285714286,16.0,708.0,50.57142857142857,177.0,159.0,0.0,3998.0,13.0,12.0,6.0,1,1,366.5,158.4,131.38,280.6,357.9,-21.6,22.8,35.4,306.5,168.3,976.4,720.0,35.61,0.6627
Thiruvananthapuram,Kerala,High,55.81,0.235709715,0.884604088,0.648894373,231.0,897.0,3.883116883116883,34.0,1607.0,6.956709956709957,339.0,536.0,52.0,860713.0,179.0,218.0,129.0,1,0,,,,,,,,,,,,,,
Thoothukudi,Tamil Nadu,High,38.0,0.017275176,0.991755053,1.009030229,20.0,120.0,6.0,16.0,835.0,41.75,177.0,156.0,0.0,4316.0,17.0,17.0,11.0,1,1,105.4,74.9,40.72,353.6,427.0,-17.19,1.7,42.8,153.3,111.6,614.0,656.3,-6.45,0.7476
Thoubal,Manipur,Very High,65.1,23.6044421,23.65742483,0.052982735,9.0,41.0,4.555555555555555,17.0,15.0,1.6666666666666667,12.0,5.0,0.0,200.0,8.0,4.0,0.0,1,0,,,,,,,,,,,,,,
Thrissur,Kerala,High,56.52,4.374872942,5.136358427,0.761485485,91.0,496.0,5.450549450549451,34.0,1204.0,13.23076923076923,339.0,408.0,51.0,847510.0,76.0,82.0,45.0,1,0,,,,,,,,,,,,,,
Tikamgarh,Madhya Pradesh,Moderate,32.86,0.274206269,0.397359874,0.123153605,13.0,77.0,5.923076923076923,14.0,181.0,13.923076923076923,90.0,0.0,0.0,7000.0,13.0,6.0,2.0,1,0,,,,,,,,,,,,,,
Tinsukia,Assam,High,59.52,4.881482417,6.140689939,1.259207522,78.0,987.0,12.653846153846153,93.0,2204.0,28.256410256410255,268.0,231.0,0.0,8977177.0,65.0,33.0,41.0,1,0,,,,,,,,,,,,,,
Tirap,Arunachal Pradesh,High,36.44,0.629920802,0.650808941,0.020888139,19.0,89.0,4.684210526315789,17.0,322.0,16.94736842105263,268.0,31.0,2.0,16.0,15.0,14.0,6.0,1,0,,,,,,,,,,,,,,
Tiruchirappalli,Tamil Nadu,High,45.33,2.769716368,2.799798931,0.030082563,29.0,160.0,5.517241379310345,23.0,982.0,33.86206896551724,177.0,235.0,0.0,4122.0,25.0,24.0,7.0,1,1,333.7,293.9,13.54,223.7,391.5,-42.86,7.3,22.7,148.1,109.9,712.8,818.0,-12.86,0.782
Tirunelveli,Tamil Nadu,High,38.4,0.007402498,0.61478851,0.622191008,20.0,137.0,6.85,16.0,868.0,43.4,177.0,156.0,0.0,3164.0,15.0,16.0,5.0,1,1,212.6,142.4,49.3,665.5,467.2,42.44,25.8,69.3,247.8,166.2,1151.7,845.1,36.28,0.7624
Tirupathur,Tamil Nadu,Moderate,33.25,0.882133575,0.890009742,0.007876167,7.0,77.0,11.0,16.0,575.0,82.14285714285714,177.0,156.0,0.0,2738.0,7.0,5.0,0.0,1,0,,,,,,,,,,,,,,
Tiruppur,Tamil Nadu,High,36.02,0.55127524,0.635364224,0.084088984,13.0,92.0,7.076923076923077,16.0,688.0,52.92307692307692,177.0,157.0,0.0,3985.0,13.0,11.0,6.0,1,1,310.4,154.8,100.52,255.6,314.3,-18.68,19.3,14.0,249.3,135.1,834.6,618.2,35.0,0.6782
Tiruvallur,Tamil Nadu,High,38.02,0.136913665,2.527745598,2.390831933,20.0,115.0,5.75,16.0,801.0,40.05,177.0,161.0,0.0,3998.0,18.0,17.0,7.0,1,1,498.7,451.6,10.43,677.8,589.3,15.02,8.1,31.5,17.8,67.2,1202.4,1139.6,5.51,0.9785
Tiruvannamalai,Tamil Nadu,High,40.96,0.956908978,1.068840485,0.111931507,25.0,137.0,5.48,16.0,854.0,34.16,177.0,189.0,0.0,4316.0,25.0,22.0,13.0,1,1,621.9,468.1,32.86,524.9,446.5,17.56,34.9,26.5,52.4,98.9,1234.1,1040.0,18.66,0.9293
Tiruvarur,Tamil Nadu,High,41.83,2.180366877,2.20727188,0.026905003,22.0,111.0,5.045454545454546,16.0,811.0,36.86363636363637,177.0,157.0,0.0,4195.0,20.0,19.0,8.0,1,1,390.6,296.4,31.78,701.8,719.1,-2.41,31.0,60.1,48.3,97.7,1171.7,1173.3,-0.14,0.9323
Tonk,Rajasthan,High,43.49,0.025948024,0.845948588,0.871896612,25.0,517.0,20.68,365.0,1223.0,48.92,581.0,1038.0,0.0,208781.0,23.0,14.0,11.0,1,0,,,,,,,,,,,,,,
Tuensang,Nagaland,Low,10.96,0.650005813,0.650005813,0.0,1.0,7.0,7.0,7.0,1.0,1.0,1.0,0.0,0.0,0.0,1.0,0.0,0.0,1,0,,,,,,,,,,,,,,
Tumakuru,Karnataka,High,43.34,0.055808694,0.340404409,0.284595715,36.0,341.0,9.472222222222221,31.0,792.0,22.0,198.0,89.0,0.0,11247.0,25.0,32.0,16.0,1,0,,,,,,,,,,,,,,
Udaipur,Rajasthan,High,44.61,0.001560423,0.289382661,0.290943084,37.0,504.0,13.621621621621621,365.0,897.0,24.243243243243242,440.0,18.0,0.0,76036.0,36.0,29.0,14.0,1,0,,,,,,,,,,,,,,
Udalguri,Assam,High,55.03,3.135691777,3.138974031,0.003282254,72.0,754.0,10.472222222222221,93.0,1682.0,23.36111111111111,268.0,53.0,3.0,5408937.0,58.0,48.0,53.0,1,0,,,,,,,,,,,,,,
Udham Singh Nagar,Unknown,Low,2.16,1.276537668,2.061876849,0.785339181,0.0,0.0,0.0,0.0,0.0,0.0,0.0,0.0,0.0,0.0,0.0,0.0,0.0,0,0,,,,,,,,,,,,,,
Udhampur,Jammu and Kashmir,High,41.8,0.47427651,0.487802833,0.013526323,29.0,159.0,5.482758620689655,22.0,1230.0,42.41379310344828,350.0,13.0,1.0,11221.0,19.0,14.0,10.0,1,0,,,,,,,,,,,,,,
Udupi,Karnataka,High,44.39,0.007584602,0.74927375,0.741689148,39.0,403.0,10.333333333333334,31.0,968.0,24.82051282051282,198.0,76.0,50.0,9310.0,26.0,34.0,23.0,1,0,,,,,,,,,,,,,,
Ujjain,Madhya Pradesh,High,38.87,0.708212621,0.752619653,0.044407032,25.0,106.0,4.24,14.0,472.0,18.88,158.0,13.0,0.0,2150.0,24.0,19.0,6.0,1,0,,,,,,,,,,,,,,
Ukhrul,Manipur,Moderate,17.46,0.669906789,0.669906789,0.0,4.0,28.0,7.0,17.0,0.0,0.0,0.0,0.0,0.0,0.0,3.0,1.0,0.0,1,0,,,,,,,,,,,,,,
Umaria,Madhya Pradesh,Moderate,32.65,0.004413453,0.907342834,0.911756287,13.0,92.0,7.076923076923077,14.0,159.0,12.23076923076923,90.0,0.0,0.0,2002.0,12.0,7.0,4.0,1,0,,,,,,,,,,,,,,
Una,Himachal Pradesh,High,44.14,0.018255416,0.647137511,0.628882095,52.0,287.0,5.519230769230769,99.0,650.0,12.5,151.0,24.0,5.0,18030.0,48.0,44.0,20.0,1,0,,,,,,,,,,,,,,
Unnao,Uttar Pradesh,High,55.49,3.512391774,3.590127624,0.07773585,45.0,792.0,17.6,365.0,4959.0,110.2,1313.0,28.0,0.0,9756.0,37.0,27.0,17.0,1,0,,,,,,,,,,,,,,
Unokoti,Unknown,High,40.0,23.62192797,23.62357053,0.001642557,0.0,0.0,0.0,0.0,0.0,0.0,0.0,0.0,0.0,0.0,0.0,0.0,0.0,0,0,,,,,,,,,,,,,,
Upper Dibang Valley,Unknown,Low,1.2,0.711350147,1.084032399,0.372682252,0.0,0.0,0.0,0.0,0.0,0.0,0.0,0.0,0.0,0.0,0.0,0.0,0.0,0,0,,,,,,,,,,,,,,
Upper Siang,Arunachal Pradesh,High,40.73,2.386481463,2.722491305,0.336009842,23.0,98.0,4.260869565217392,17.0,370.0,16.08695652173913,268.0,2034.0,2.0,16.0,19.0,16.0,9.0,1,0,,,,,,,,,,,,,,
Upper Subansiri,Unknown,Low,1.96,1.156238089,1.234996868,0.078758779,0.0,0.0,0.0,0.0,0.0,0.0,0.0,0.0,0.0,0.0,0.0,0.0,0.0,0,0,,,,,,,,,,,,,,
Uttar Bastar Kanker,Unknown,Low,1.24,0.730199538,0.836672614,0.106473076,0.0,0.0,0.0,0.0,0.0,0.0,0.0,0.0,0.0,0.0,0.0,0.0,0.0,0,0,,,,,,,,,,,,,,
Uttar Dinajpur,West Bengal,High,44.61,6.666541483,6.673772935,0.007231452,10.0,100.0,10.0,24.0,406.0,40.6,300.0,8.0,0.0,5212.0,10.0,3.0,0.0,1,0,,,,,,,,,,,,,,
Uttara Kannada,Karnataka,High,52.0,2.419647773,4.074727101,1.655079328,71.0,523.0,7.366197183098592,31.0,1050.0,14.788732394366198,198.0,84.0,53.0,10208.0,59.0,62.0,34.0,1,0,,,,,,,,,,,,,,
Uttarkashi,Karnataka,Low,12.6,0.367760378,0.450692495,0.082932117,2.0,2.0,1.0,1.0,10.0,5.0,10.0,1.0,0.0,6.0,2.0,2.0,1.0,1,0,,,,,,,,,,,,,,
Vadodara,Gujarat,High,50.36,3.043652457,3.328415211,0.284762754,37.0,498.0,13.45945945945946,120.0,1308.0,35.351351351351354,202.0,24.0,2.0,8783.0,36.0,19.0,8.0,1,0,,,,,,,,,,,,,,
Vaishali,Bihar,Very High,78.58,16.86821474,17.98113124,1.112916504,45.0,1016.0,22.57777777777778,365.0,4442.0,98.71111111111111,1025.0,10.0,0.0,1078.0,43.0,14.0,9.0,1,0,,,,,,,,,,,,,,
Valsad,Gujarat,High,49.39,1.738920562,2.551668353,0.812747791,38.0,631.0,16.605263157894736,122.0,1753.0,46.13157894736842,288.0,40.0,2.0,25676.0,36.0,25.0,12.0,1,0,,,,,,,,,,,,,,
Varanasi,Uttar Pradesh,High,57.97,3.716004426,4.599652222,0.883647796,55.0,998.0,18.145454545454545,365.0,7161.0,130.2,1313.0,39.0,0.0,9738.0,50.0,25.0,11.0,1,0,,,,,,,,,,,,,,
Vellore,Tamil Nadu,High,37.57,0.437957461,0.459638695,0.021681234,18.0,114.0,6.333333333333333,16.0,602.0,33.44444444444444,177.0,201.0,0.0,2738.0,15.0,14.0,7.0,1,1,573.7,466.1,23.09,338.8,348.7,-2.84,9.8,14.9,91.7,106.5,1014.0,936.2,8.31,0.8999
Vidisha,Madhya Pradesh,High,38.08,0.635462,0.912677122,0.277215122,25.0,106.0,4.24,14.0,317.0,12.68,90.0,13.0,0.0,2754.0,25.0,18.0,7.0,1,0,,,,,,,,,,,,,,
Vijayapura,Karnataka,High,36.14,0.011439119,0.883343513,0.871904394,14.0,105.0,7.5,31.0,857.0,61.214285714285715,308.0,35.0,0.0,7562.0,13.0,8.0,4.0,1,0,,,,,,,,,,,,,,
Vikarabad,Telangana,Moderate,29.3,0.084609379,0.271652781,0.187043402,8.0,72.0,9.0,30.0,97.0,12.125,49.0,9.0,0.0,7033.0,7.0,6.0,6.0,1,0,,,,,,,,,,,,,,
Villupuram,Tamil Nadu,High,43.87,2.579095705,2.829205267,0.250109562,25.0,143.0,5.72,16.0,879.0,35.16,177.0,188.0,0.0,6155.0,25.0,22.0,9.0,1,1,441.3,408.3,8.08,535.7,499.1,7.33,10.5,28.2,24.2,76.0,1011.7,1011.6,0.01,0.9657
Virudhunagar,Tamil Nadu,High,38.54,1.858630308,1.881503151,0.022872843,14.0,91.0,6.5,16.0,697.0,49.785714285714285,177.0,158.0,0.0,3948.0,12.0,12.0,7.0,1,1,293.6,196.8,49.19,332.3,419.0,-20.69,28.5,42.8,238.0,161.5,892.4,820.1,8.82,0.7014
Visakhapatnam,Andhra Pradesh,High,42.71,0.735914807,1.175590784,0.439675977,26.0,255.0,9.807692307692308,62.0,1029.0,39.57692307692308,338.0,442.0,0.0,90775.0,26.0,19.0,11.0,1,0,,,,,,,,,,,,,,
Vizianagaram,Andhra Pradesh,High,38.82,0.790001986,1.110588388,0.320586402,17.0,158.0,9.294117647058824,31.0,616.0,36.23529411764706,179.0,429.0,0.0,47002.0,15.0,10.0,3.0,1,0,,,,,,,,,,,,,,
Wanaparthy,Telangana,Moderate,30.19,4.926322219,5.911067913,0.984745694,3.0,30.0,10.0,21.0,44.0,14.666666666666666,44.0,0.0,0.0,300.0,3.0,1.0,1.0,1,0,,,,,,,,,,,,,,
Warangal Rural,Unknown,Low,0.07,0.041751433,0.420854233,0.3791028,0.0,0.0,0.0,0.0,0.0,0.0,0.0,0.0,0.0,0.0,0.0,0.0,0.0,0,0,,,,,,,,,,,,,,
Warangal Urban,Unknown,Low,0.23,0.133107398,0.487587909,0.354480511,0.0,0.0,0.0,0.0,0.0,0.0,0.0,0.0,0.0,0.0,0.0,0.0,0.0,0,0,,,,,,,,,,,,,,
Wardha,Maharashtra,High,47.57,0.644579581,1.65012412,1.005544539,70.0,320.0,4.571428571428571,31.0,1013.0,14.471428571428572,149.0,131.0,0.0,6007.0,58.0,59.0,25.0,1,0,,,,,,,,,,,,,,
Washim,Maharashtra,High,46.48,7.34e-05,0.392447344,0.392373985,78.0,297.0,3.8076923076923075,31.0,853.0,10.935897435897436,149.0,82.0,0.0,14320.0,65.0,69.0,56.0,1,0,,,,,,,,,,,,,,
Wayanad,Kerala,High,52.57,0.460180992,0.815062099,0.354881107,149.0,591.0,3.966442953020134,34.0,1182.0,7.932885906040268,339.0,459.0,50.0,860729.0,108.0,140.0,90.0,1,0,,,,,,,,,,,,,,
West,Unknown,High,36.92,5.312905892,5.312905892,0.0,16.0,42.0,2.625,22.0,18.0,1.125,3.0,41.0,0.0,25.0,15.0,15.0,1.0,1,0,,,,,,,,,,,,,,
West District,Delhi,Moderate,29.08,0.685815634,0.75096604,0.065150406,16.0,42.0,2.625,22.0,18.0,1.125,3.0,41.0,0.0,25.0,15.0,15.0,1.0,1,0,,,,,,,,,,,,,,
West Garo Hills,Meghalaya,Moderate,34.01,1.079662032,1.111942423,0.032280391,18.0,54.0,3.0,10.0,120.0,6.666666666666667,45.0,1.0,0.0,20.0,17.0,14.0,2.0,1,0,,,,,,,,,,,,,,
West Godavari,Andhra Pradesh,High,51.05,3.539250333,5.603589524,2.064339191,40.0,318.0,7.95,38.0,1976.0,49.4,338.0,6.0,0.0,95181.0,38.0,26.0,17.0,1,0,,,,,,,,,,,,,,
West Jaintia Hills,Unknown,Low,2.78,1.642405869,1.733990094,0.091584225,0.0,0.0,0.0,0.0,0.0,0.0,0.0,0.0,0.0,0.0,0.0,0.0,0.0,0,0,,,,,,,,,,,,,,
West Kameng,Arunachal Pradesh,High,50.82,1.888080105,1.93207052,0.043990415,83.0,355.0,4.27710843373494,17.0,1078.0,12.987951807228916,268.0,119.0,6.0,1072.0,73.0,57.0,28.0,1,0,,,,,,,,,,,,,,
West Karbi Anglong,Assam,High,49.36,3.129321309,3.225931636,0.096610327,24.0,614.0,25.583333333333332,93.0,1497.0,62.375,268.0,49.0,0.0,200101.0,20.0,6.0,7.0,1,0,,,,,,,,,,,,,,
West Khasi Hills,Meghalaya,Moderate,29.5,1.191947527,1.198133343,0.006185816,11.0,30.0,2.727272727272727,10.0,63.0,5.7272727272727275,30.0,8.0,1.0,20.0,10.0,8.0,7.0,1,0,,,,,,,,,,,,,,
West Nimar,Unknown,Low,2.14,1.261290342,1.727264926,0.465974584,0.0,0.0,0.0,0.0,0.0,0.0,0.0,0.0,0.0,0.0,0.0,0.0,0.0,0,0,,,,,,,,,,,,,,
West Siang,Arunachal Pradesh,High,39.48,0.620779654,0.744207577,0.123427923,24.0,173.0,7.208333333333333,62.0,382.0,15.916666666666666,268.0,2031.0,0.0,21.0,21.0,14.0,5.0,1,0,,,,,,,,,,,,,,
West Tripura,Tripura,High,38.77,0.612502471,0.612502471,0.0,35.0,125.0,3.5714285714285716,21.0,154.0,4.4,34.0,120.0,0.0,0.0,24.0,24.0,9.0,1,0,,,,,,,,,,,,,,
Wokha,Nagaland,Low,14.67,1.553001778,2.044958036,0.491956258,2.0,8.0,4.0,7.0,1.0,0.5,1.0,0.0,0.0,0.0,2.0,1.0,0.0,1,0,,,,,,,,,,,,,,
Y.S.R,Andhra Pradesh,High,40.27,0.045955578,1.141752714,1.095797136,22.0,201.0,9.136363636363637,31.0,1090.0,49.54545454545455,226.0,9.0,11.0,27653.0,22.0,14.0,6.0,1,0,,,,,,,,,,,,,,
Yadadri Bhuvanagiri,Telangana,Moderate,23.26,0.546065506,0.630428715,0.084363209,3.0,33.0,11.0,30.0,51.0,17.0,49.0,9.0,0.0,6733.0,3.0,3.0,3.0,1,0,,,,,,,,,,,,,,
Yadgir,Karnataka,High,43.45,1.077229403,1.651730783,0.57450138,23.0,301.0,13.08695652173913,31.0,1204.0,52.34782608695652,308.0,44.0,0.0,9189.0,14.0,19.0,14.0,1,0,,,,,,,,,,,,,,
Yamunanagar,Haryana,High,44.58,5.731626983,5.773638579,0.042011596,25.0,117.0,4.68,30.0,75.0,3.0,51.0,19.0,0.0,1600.0,23.0,19.0,2.0,1,0,,,,,,,,,,,,,,
Yanam,Puducherry,Low,13.76,2.98522873,32.6562,29.67097127,1.0,7.0,7.0,7.0,0.0,0.0,0.0,0.0,0.0,0.0,1.0,0.0,0.0,1,0,,,,,,,,,,,,,,
Yavatmal,Maharashtra,High,47.06,0.001951031,0.98190471,0.983855741,73.0,284.0,3.8904109589041096,31.0,1545.0,21.164383561643834,527.0,104.0,1.0,20824.0,66.0,61.0,26.0,1,0,,,,,,,,,,,,,,
Zunheboto,Nagaland,Moderate,20.27,0.640526895,0.640526895,0.0,2.0,38.0,19.0,31.0,13.0,6.5,12.0,0.0,0.0,0.0,1.0,1.0,1.0,1,0,,,,,,,,,,,,,,
